Rk,Player,Age,Team,G,PA,AB,R,H,2B,3B,HR,RBI,SB,CS,BB,SO
1,Jarren Duran*,27,BOS,160,735,671,111,191,48,14,21,75,34,7,54,160
2,Shohei Ohtani*,29,LAD,159,731,636,134,197,38,7,54,130,59,4,81,162
3,Gunnar Henderson*,23,BAL,159,719,630,118,177,31,7,37,92,21,4,78,159
4,Marcus Semien,33,TEX,159,718,650,101,154,27,2,23,74,8,3,64,105
5,Juan Soto*,25,NYY,157,713,576,128,166,31,4,41,109,7,4,129,119
6,Bobby Witt Jr.,24,KCR,161,709,636,125,211,45,11,32,109,31,12,57,106
7,Aaron Judge,32,NYY,158,704,559,122,180,36,1,58,144,10,0,133,171
8,Vladimir Guerrero Jr.,25,TOR,159,697,616,98,199,44,1,30,103,2,2,72,96
9,Elly De La Cruz#,22,CIN,160,696,618,105,160,36,10,25,76,67,16,69,218
10,Pete Alonso,29,NYM,162,695,608,91,146,31,0,34,88,3,0,70,172
11,Ezequiel Tovar,22,COL,157,695,655,83,176,45,4,26,78,6,5,23,200
12,Bryan Reynolds#,29,PIT,156,692,622,73,171,29,3,24,88,10,2,57,156
13,Kyle Schwarber*,31,PHI,150,692,573,110,142,22,0,38,104,5,3,106,197
14,Francisco Lindor#,30,NYM,152,689,618,107,169,39,1,33,91,29,4,56,127
15,Anthony Volpe,23,NYY,160,689,637,90,155,27,7,12,60,28,7,42,156
16,Willy Adames,28,MIL,161,688,610,93,153,33,0,32,112,21,4,74,173
17,Marcell Ozuna,33,ATL,162,688,606,96,183,31,0,39,104,1,0,74,170
18,Matt Olson*,30,ATL,162,685,600,78,148,37,1,29,98,0,0,71,170
19,Corbin Carroll*,23,ARI,158,684,589,121,136,22,14,22,74,35,8,73,130
20,Jose Altuve,34,HOU,153,682,628,94,185,31,0,20,65,22,7,47,119
21,José Ramírez#,31,CLE,158,682,620,114,173,39,2,39,118,41,7,54,82
22,William Contreras,26,MIL,155,679,595,99,167,37,2,23,92,9,2,78,139
23,Luis Arráez*,27,2TM,150,672,637,83,200,32,3,4,46,9,3,24,29
23,Luis Arráez*,27,MIA,33,148,137,22,41,8,1,0,5,0,0,8,11
23,Luis Arráez*,27,SDP,117,524,500,61,159,24,2,4,41,9,3,16,18
24,Jurickson Profar#,31,SDP,158,668,564,94,158,29,0,24,85,10,3,76,101
25,Anthony Santander#,29,BAL,155,665,595,91,140,25,2,44,102,2,0,58,129
26,Gleyber Torres,27,NYY,154,665,587,80,151,26,0,15,63,4,3,65,136
27,Brandon Nimmo*,31,NYM,151,663,571,88,128,25,3,23,90,15,0,77,158
28,Taylor Ward,30,LAA,156,663,585,73,144,26,2,25,75,6,4,63,163
29,Nick Castellanos,32,PHI,162,659,606,80,154,30,4,23,86,6,2,41,139
30,Ian Happ#,29,CHC,153,657,569,89,138,34,2,25,86,13,2,80,168
31,Jake Cronenworth*,30,SDP,155,656,577,72,139,29,3,17,83,5,2,61,118
32,Spencer Steer,26,CIN,158,656,574,74,129,34,4,20,92,25,3,72,137
33,Paul Goldschmidt,36,STL,154,654,599,70,147,33,1,22,65,11,0,47,173
34,Brendan Donovan*,27,STL,153,652,587,65,163,34,3,14,73,5,5,47,81
35,Teoscar Hernández,31,LAD,154,652,589,84,160,32,2,33,99,12,3,53,188
36,Salvador Perez,34,KCR,158,652,590,58,160,28,0,27,104,0,0,44,129
37,Jeremy Peña,26,HOU,157,650,602,78,160,28,2,15,70,20,6,25,111
38,Randy Arozarena,29,2TM,154,648,549,77,120,33,0,20,60,20,10,73,169
38,Randy Arozarena,29,TBR,100,409,350,45,74,19,0,15,37,16,7,45,101
38,Randy Arozarena,29,SEA,54,239,199,32,46,14,0,5,23,4,3,28,68
39,Matt Chapman,31,SFG,154,647,575,98,142,39,2,27,78,15,2,64,158
40,Ryan McMahon*,29,COL,153,645,567,68,137,28,0,20,65,4,6,69,185
41,Manny Machado,31,SDP,152,643,593,77,163,30,0,29,105,11,2,45,124
42,JJ Bleday*,26,OAK,159,642,572,74,139,43,4,20,60,2,3,67,125
43,Nico Hoerner,27,CHC,151,641,582,86,159,35,1,7,48,31,6,44,66
44,Isaac Paredes,25,2TM,153,641,542,64,129,25,1,19,80,1,1,76,105
44,Isaac Paredes,25,TBR,101,429,363,41,89,19,1,16,55,0,1,52,68
44,Isaac Paredes,25,CHC,52,212,179,23,40,6,0,3,25,1,0,24,37
45,Eugenio Suárez,32,ARI,158,640,571,90,146,28,2,30,101,2,1,49,176
46,Freddie Freeman*,34,LAD,147,638,542,81,153,35,2,22,89,9,2,78,100
47,Adley Rutschman#,26,BAL,148,638,571,68,143,21,1,19,79,1,0,58,103
48,Adolis García,31,TEX,154,637,580,68,130,27,0,25,85,11,5,45,177
49,Jonathan India,27,CIN,151,637,533,84,132,28,2,15,58,13,2,80,125
50,Masyn Winn,22,STL,150,637,587,85,157,32,5,15,57,11,5,41,109
51,Yordan Alvarez*,27,HOU,147,635,552,88,170,34,2,35,86,6,0,69,95
52,Nolan Arenado,33,STL,152,635,578,70,157,23,0,16,71,2,2,44,92
53,Willi Castro#,27,MIN,158,635,558,89,138,31,5,12,60,14,9,51,150
54,Alex Bregman,30,HOU,145,634,581,79,151,30,2,26,75,3,1,44,86
55,Andrés Giménez*,25,CLE,152,633,583,64,147,22,1,9,63,30,5,26,97
56,Josh Naylor*,27,CLE,152,633,563,84,137,27,0,31,108,6,2,58,105
57,Bryce Harper*,31,PHI,145,631,550,85,157,42,0,30,87,7,4,76,138
58,Cal Raleigh#,27,SEA,153,628,546,73,120,16,0,34,100,6,1,70,176
59,Maikel Garcia,24,KCR,157,626,575,84,133,27,5,7,58,37,2,42,103
60,Bryan De La Cruz,27,2TM,149,622,584,61,136,25,0,21,68,5,2,29,170
60,Bryan De La Cruz,27,MIA,105,454,424,44,104,19,0,18,51,3,1,25,118
60,Bryan De La Cruz,27,PIT,44,168,160,17,32,6,0,3,17,2,1,4,52
61,Yandy Díaz,32,TBR,145,621,563,55,158,31,1,14,65,0,0,50,95
62,Alex Verdugo*,28,NYY,149,621,559,74,130,28,1,13,61,2,1,49,93
63,Jazz Chisholm Jr.*,26,2TM,147,621,562,74,144,21,4,24,73,40,10,53,152
63,Jazz Chisholm Jr.*,26,MIA,101,430,386,46,96,14,4,13,50,22,8,39,107
63,Jazz Chisholm Jr.*,26,NYY,46,191,176,28,48,7,0,11,23,18,2,14,45
64,Yainer Diaz,25,HOU,148,619,585,70,175,29,3,16,84,2,0,24,107
65,Brice Turang*,24,MIL,155,619,559,72,142,24,4,7,57,50,6,50,105
66,Andrew Vaughn,26,CHW,149,619,570,55,140,30,1,19,70,2,0,38,132
67,Brent Rooker,29,OAK,145,614,546,82,160,26,2,39,112,11,3,59,177
68,George Springer,34,TOR,145,614,545,74,120,19,3,19,56,16,1,60,115
69,Julio Rodríguez,23,SEA,143,613,567,76,155,17,0,20,68,24,5,38,156
70,Christopher Morel,25,2TM,152,611,535,56,105,11,3,21,60,8,7,61,159
70,Christopher Morel,25,CHC,103,421,362,43,72,7,1,18,51,7,5,47,103
70,Christopher Morel,25,TBR,49,190,173,13,33,4,2,3,9,1,2,14,56
71,Nolan Schanuel*,22,LAA,147,607,519,62,130,19,0,13,54,10,1,68,103
72,Alec Bohm,27,PHI,143,606,554,62,155,44,2,15,97,5,2,40,86
73,Brenton Doyle,26,COL,149,603,542,82,141,24,4,23,72,30,5,46,153
74,Josh Bell#,31,2TM,145,603,538,62,134,23,2,19,71,0,1,51,120
74,Josh Bell#,31,MIA,104,441,398,38,95,18,1,14,49,0,0,34,88
74,Josh Bell#,31,ARI,41,162,140,24,39,5,1,5,22,0,1,17,32
75,CJ Abrams*,23,WSN,138,602,541,79,133,29,6,20,65,31,12,40,128
76,Orlando Arcia,29,ATL,157,602,551,50,120,24,0,17,46,2,0,41,128
77,Zach Neto,23,LAA,155,602,542,70,135,34,1,23,77,30,10,39,140
78,Rafael Devers*,27,BOS,138,601,525,87,143,34,5,28,83,3,0,67,147
79,Oneil Cruz*,25,PIT,146,599,541,72,140,34,3,21,76,22,1,51,181
80,Alec Burleson*,25,STL,152,595,547,71,147,20,0,21,78,9,4,35,76
81,Carlos Santana#,38,MIN,150,594,521,63,124,26,0,23,71,4,0,65,99
82,Jackson Merrill*,21,SDP,156,593,554,77,162,31,6,24,90,16,3,29,101
83,Dansby Swanson,30,CHC,149,593,534,82,129,27,2,16,66,19,3,54,144
84,Josh Smith*,26,TEX,149,592,523,67,135,30,1,13,62,11,2,46,121
85,Seiya Suzuki,29,CHC,132,585,512,74,145,27,6,21,73,16,6,63,160
86,Riley Greene*,23,DET,137,584,512,82,134,27,6,24,74,4,2,64,156
87,Ketel Marte#,30,ARI,136,583,504,93,147,23,2,36,95,7,1,65,106
88,Jake Burger,28,MIA,137,579,535,68,134,23,1,29,76,1,1,31,150
89,Jorge Soler,32,2TM,142,574,493,84,119,34,1,21,64,1,0,68,141
89,Jorge Soler,32,SFG,93,392,341,57,82,23,1,12,40,1,0,44,97
89,Jorge Soler,32,ATL,49,182,152,27,37,11,0,9,24,0,0,24,44
90,Jackson Chourio,20,MIL,148,573,528,80,145,29,4,21,79,22,7,39,121
91,Ceddanne Rafaela,23,BOS,152,571,544,70,134,23,5,15,75,19,10,15,151
92,Bryson Stott*,26,PHI,148,571,506,65,124,19,2,11,57,32,3,53,93
93,Cody Bellinger*,28,CHC,130,569,516,72,137,23,3,18,78,9,2,45,89
94,Michael Busch*,26,CHC,152,567,496,73,123,28,2,21,65,2,1,63,162
95,Matt Vierling,27,DET,144,567,518,80,133,28,5,16,57,6,1,41,121
96,Nathaniel Lowe*,28,TEX,140,565,486,62,129,16,1,16,69,2,0,71,125
97,Colton Cowser*,24,BAL,153,561,499,77,121,24,3,24,69,9,4,52,172
98,Wyatt Langford,22,TEX,134,557,499,74,126,25,4,16,74,19,3,51,115
99,Colt Keith*,22,DET,148,556,516,54,134,15,4,13,61,7,1,36,110
100,Vinnie Pasquantino*,26,KCR,131,554,496,64,130,30,2,19,97,1,0,40,71
101,Lourdes Gurriel Jr.,30,ARI,133,553,513,72,143,22,2,18,75,7,1,29,101
102,Christian Walker,33,ARI,130,552,479,72,120,26,0,26,84,2,2,55,133
103,Zack Gelof,24,OAK,138,547,497,60,105,20,2,17,49,25,3,38,188
104,Will Smith,29,LAD,128,544,476,77,118,24,2,20,75,1,1,51,105
105,Steven Kwan*,26,CLE,122,540,480,83,140,16,3,14,44,12,5,53,51
106,Brendan Rodgers,27,COL,135,539,501,67,134,29,1,13,54,1,0,31,132
107,Trea Turner,31,PHI,121,539,505,88,149,25,0,21,62,19,4,27,98
108,Justin Turner,39,2TM,139,539,460,59,119,24,0,11,55,0,2,59,95
108,Justin Turner,39,TOR,91,349,301,37,77,17,0,6,31,0,2,39,60
108,Justin Turner,39,SEA,48,190,159,22,42,7,0,5,24,0,0,20,35
109,Jesús Sánchez*,26,MIA,149,537,489,60,123,25,1,18,64,16,2,41,140
110,Ty France,29,2TM,140,535,479,46,112,24,0,13,51,1,1,38,114
110,Ty France,29,SEA,88,340,300,28,67,14,0,8,31,0,1,28,83
110,Ty France,29,CIN,52,195,179,18,45,10,0,5,20,1,0,10,31
111,Shea Langeliers,26,OAK,137,534,482,58,108,18,2,29,80,4,2,41,145
112,Corey Seager*,30,TEX,123,533,475,68,132,21,0,30,74,1,1,53,96
113,Leody Taveras#,25,TEX,151,529,480,59,110,17,3,12,44,23,6,42,112
114,Luis García Jr.*,24,WSN,140,528,500,58,141,25,1,18,70,22,5,27,86
115,Lane Thomas,28,2TM,130,528,472,65,112,26,3,15,63,32,14,44,137
115,Lane Thomas,28,WSN,77,341,300,42,76,16,3,8,40,28,12,32,72
115,Lane Thomas,28,CLE,53,187,172,23,36,10,0,7,23,4,2,12,65
116,Sal Frelick*,24,MIL,145,524,475,66,123,22,4,2,32,18,3,39,78
117,Andrew Benintendi*,29,CHW,135,522,477,50,109,20,0,20,64,3,2,41,96
118,Logan O'Hoppe,24,LAA,136,522,479,64,117,17,1,20,56,2,3,33,155
119,Jacob Young,24,WSN,150,521,468,75,120,24,1,3,36,33,10,30,102
120,Heliot Ramos,24,SFG,121,518,475,54,128,23,3,22,72,6,1,37,135
121,Rhys Hoskins,31,MIL,131,517,449,59,96,14,0,26,82,3,0,53,149
122,Mookie Betts,31,LAD,116,516,450,75,130,24,5,19,75,16,2,61,57
123,Andrew McCutchen,37,PIT,120,515,448,66,104,18,1,20,50,3,2,58,133
124,Tyler Stephenson,27,CIN,138,515,457,69,118,26,1,19,66,1,0,48,117
125,Jake Meyers,28,HOU,148,513,461,51,101,20,3,13,61,11,3,35,117
126,Daulton Varsho*,27,TOR,136,513,459,73,98,21,7,18,58,10,2,48,137
127,Joey Ortiz,25,MIL,142,511,440,58,105,25,6,11,60,11,6,56,103
128,Jesse Winker*,30,2TM,145,508,430,63,109,23,0,14,58,14,4,63,106
128,Jesse Winker*,30,WSN,101,379,315,51,81,18,0,11,45,14,4,53,84
128,Jesse Winker*,30,NYM,44,129,115,12,28,5,0,3,13,0,0,10,22
129,Ryan Mountcastle,27,BAL,124,507,473,54,128,30,2,13,63,3,0,27,114
130,Gavin Sheets*,28,CHW,139,501,451,35,105,24,1,10,45,2,2,43,106
131,Charlie Blackmon*,37,COL,124,499,449,59,115,24,5,12,52,6,2,43,86
132,Cedric Mullins*,29,BAL,147,499,444,69,104,16,3,18,54,32,6,41,98
133,Isiah Kiner-Falefa,29,2TM,133,496,465,53,125,18,4,8,43,11,2,16,78
133,Isiah Kiner-Falefa,29,TOR,83,281,257,32,75,8,2,7,33,3,1,13,37
133,Isiah Kiner-Falefa,29,PIT,50,215,208,21,50,10,2,1,10,8,1,3,41
134,J.D. Martinez,36,NYM,120,495,434,46,102,24,1,16,69,0,0,49,141
135,Jake McCarthy*,26,ARI,142,495,442,66,126,13,7,8,56,25,6,31,78
136,Ryan O'Hearn*,30,BAL,142,494,443,60,117,21,3,15,59,3,1,46,69
137,Jonah Heim#,29,TEX,131,491,459,45,101,12,1,13,59,1,1,26,90
138,Michael Conforto*,31,SFG,130,488,438,56,104,27,3,20,66,0,1,42,118
139,Gavin Lux*,26,LAD,139,487,439,59,110,24,2,10,50,5,2,44,110
140,Connor Wong,28,BOS,126,487,447,54,125,24,1,13,52,8,7,28,114
141,Keibert Ruiz#,25,WSN,127,485,459,46,105,21,0,13,57,3,1,16,54
142,José Caballero,27,TBR,139,483,441,53,100,24,1,9,44,44,16,27,133
143,Paul DeJong,30,2TM,139,482,445,54,101,17,0,24,56,2,2,23,156
143,Paul DeJong,30,CHW,102,363,337,39,77,14,0,18,41,2,1,14,112
143,Paul DeJong,30,KCR,37,119,108,15,24,3,0,6,15,0,1,9,44
144,Tommy Pham,36,3TM,116,478,440,49,109,20,3,9,39,7,3,35,106
144,Tommy Pham,36,2TM,93,401,372,42,95,17,2,7,27,7,3,28,90
144,Tommy Pham,36,CHW,70,297,271,33,72,14,1,5,19,6,3,25,63
144,Tommy Pham,36,STL,23,77,68,7,14,3,1,2,12,0,0,7,16
144,Tommy Pham,36,KCR,23,104,101,9,23,3,1,2,8,1,0,3,27
145,Brandon Marsh*,26,PHI,135,476,418,55,104,17,3,16,60,19,3,50,154
146,Josh Rojas*,30,SEA,142,476,422,48,95,19,2,8,31,10,4,46,108
147,Mike Yastrzemski*,33,SFG,140,474,428,60,99,16,9,18,57,3,2,38,124
148,Tyler O'Neill,29,BOS,113,473,411,74,99,18,0,31,61,4,0,53,159
149,Jeff McNeil*,32,NYM,129,472,424,57,101,26,0,12,44,5,1,35,68
150,Michael Harris II*,23,ATL,110,470,440,58,116,14,3,16,48,10,6,23,94
151,Ha-Seong Kim,28,SDP,121,470,403,60,94,16,3,11,47,22,5,58,77
152,Jorge Polanco#,30,SEA,118,469,417,43,89,11,0,16,45,4,2,46,137
153,Austin Riley,27,ATL,110,469,425,63,109,26,2,19,56,0,0,37,118
154,Ryan Jeffers,27,MIN,122,465,412,56,93,22,0,21,64,3,0,32,94
155,Xander Bogaerts,31,SDP,111,463,428,50,113,15,1,11,44,13,3,28,79
156,Jeimer Candelario#,30,CIN,112,463,427,47,96,23,2,20,56,4,3,27,114
157,Mark Canha,35,2TM,125,462,393,46,95,20,0,7,42,7,0,51,96
157,Mark Canha,35,DET,93,377,320,42,74,17,0,7,38,4,0,42,79
157,Mark Canha,35,SFG,32,85,73,4,21,3,0,0,4,3,0,9,17
158,Gio Urshela,32,2TM,128,461,432,34,108,19,1,9,52,0,0,23,72
158,Gio Urshela,32,DET,92,325,300,25,73,10,1,5,37,0,0,19,49
158,Gio Urshela,32,ATL,36,136,132,9,35,9,0,4,15,0,0,4,23
159,Max Schuemann,27,OAK,133,459,396,55,87,14,0,7,34,14,1,47,119
160,Giancarlo Stanton,34,NYY,114,459,417,49,97,20,0,27,72,0,0,38,143
161,Michael Toglia#,25,COL,116,458,399,62,87,14,3,25,55,10,1,54,147
162,Luke Raley*,29,SEA,137,455,404,58,98,19,2,22,58,11,2,27,135
163,Davis Schneider,25,TOR,135,454,397,48,76,19,1,13,46,6,0,47,144
164,Mark Vientos,24,NYM,111,454,413,58,110,22,0,27,71,0,0,33,135
165,Ernie Clement,28,TOR,139,452,434,48,114,21,3,12,51,12,3,11,41
166,Jo Adell,25,LAA,130,451,405,54,84,15,2,20,62,15,10,35,126
167,Lawrence Butler*,23,OAK,125,451,412,63,108,24,2,22,57,18,0,35,108
168,J.P. Crawford*,29,SEA,105,451,392,55,79,16,2,9,37,5,0,52,102
169,MJ Melendez*,25,KCR,135,451,412,44,85,23,3,17,44,4,4,35,113
170,Jarred Kelenic*,24,ATL,131,449,412,49,95,18,2,15,45,7,2,32,133
171,Joc Pederson*,32,ARI,132,449,367,62,101,17,1,23,64,7,4,55,105
172,Patrick Bailey#,25,SFG,121,448,401,46,94,16,1,8,46,4,0,39,100
173,Jose Siri,28,TBR,130,448,402,50,75,16,1,18,47,14,7,31,170
174,Wilyer Abreu*,25,BOS,132,447,399,59,101,33,2,15,58,8,3,40,125
175,Jordan Westburg,25,BAL,107,447,416,57,110,26,5,18,63,6,3,22,97
176,Jared Triolo,26,PIT,125,446,394,41,85,10,1,9,46,8,1,42,118
177,Nicky Lopez*,29,CHW,124,445,398,40,96,12,3,1,21,5,7,37,67
178,Andy Pages,23,LAD,116,443,403,65,100,23,1,13,46,1,2,29,108
179,Brayan Rocchio#,23,CLE,143,442,383,50,79,18,0,8,36,10,6,44,90
180,Dylan Moore,31,SEA,135,441,368,53,74,23,4,10,42,32,6,53,123
181,Fernando Tatis Jr.,25,SDP,102,438,398,64,110,21,1,21,49,11,3,32,96
182,Harrison Bader,30,NYM,143,437,402,57,95,19,0,12,51,17,8,21,95
183,Ozzie Albies#,27,ATL,99,435,399,52,100,29,1,10,53,8,1,27,65
184,Otto López,25,MIA,117,434,403,49,109,23,1,6,39,20,4,25,75
185,Blake Perkins#,27,MIL,121,434,383,54,92,13,2,6,43,23,5,42,108
186,Mitch Garver,33,SEA,114,430,367,37,63,17,0,15,51,0,0,53,133
187,José Miranda,26,MIN,121,429,401,44,114,28,4,9,49,2,2,18,66
188,Mauricio Dubón,29,HOU,137,428,402,45,108,25,0,4,47,3,2,16,55
189,Kyle Isbel*,27,KCR,136,426,384,62,88,13,8,8,42,11,2,27,88
190,Brandon Lowe*,29,TBR,107,425,385,56,94,19,3,21,58,5,1,33,112
191,Wenceel Pérez#,24,DET,112,425,389,51,94,16,6,9,37,9,5,32,92
192,Luis Robert Jr.,26,CHW,100,425,393,47,88,19,0,14,35,23,6,28,141
193,Hunter Renfroe,32,KCR,120,424,385,44,88,18,0,15,52,1,1,36,84
194,Mitch Haniger,33,SEA,121,423,380,42,79,12,0,12,44,0,0,40,126
195,Rowdy Tellez*,29,PIT,131,421,383,38,93,18,0,13,56,1,0,31,89
196,Masataka Yoshida*,30,BOS,108,421,378,45,106,21,0,10,56,2,0,27,52
197,Mickey Moniak*,26,LAA,124,418,392,48,86,17,2,14,49,8,4,21,114
198,Connor Joe,31,PIT,123,416,364,49,83,22,1,9,36,2,2,44,91
199,Austin Wells*,24,NYY,115,414,354,42,81,18,1,13,55,1,2,47,87
200,J.T. Realmuto,33,PHI,99,413,380,50,101,18,1,14,47,2,2,27,102
201,Pete Crow-Armstrong*,22,CHC,123,410,372,46,88,13,6,10,47,27,3,21,98
202,Lars Nootbaar*,26,STL,109,405,348,39,85,18,3,12,45,7,3,52,79
203,Jon Singleton*,32,HOU,119,405,355,46,83,13,1,13,42,0,0,47,111
204,Nolan Gorman*,24,STL,107,402,365,42,74,15,0,19,50,6,1,34,151
205,LaMonte Wade Jr.*,30,SFG,117,401,331,45,86,16,0,8,34,2,1,62,90
206,Seth Brown*,31,OAK,124,400,372,32,86,11,1,14,44,4,2,25,112
207,Trevor Larnach*,27,MIN,112,400,355,59,92,17,0,15,52,4,1,40,89
208,Max Kepler*,31,MIN,105,399,368,43,93,21,1,8,42,1,0,22,80
209,Ke'Bryan Hayes,27,PIT,96,396,365,38,85,9,0,4,25,11,2,23,75
210,Korey Lee,25,CHW,125,394,377,36,79,14,1,12,37,6,3,17,122
211,Kiké Hernández,32,LAD,126,393,362,44,83,16,0,12,42,0,0,27,77
212,David Fry,28,CLE,122,392,335,44,88,18,1,14,51,4,1,42,84
213,Santiago Espinal,29,CIN,118,391,357,32,88,12,0,9,45,11,1,24,54
214,Bo Naylor*,24,CLE,123,389,354,39,71,10,2,13,39,6,3,29,122
215,Will Benson*,26,CIN,128,388,343,41,64,19,2,14,43,16,7,40,154
216,Byron Buxton,30,MIN,102,388,355,62,99,27,3,18,56,7,2,20,99
217,Geraldo Perdomo#,24,ARI,98,388,337,61,92,21,2,3,37,9,1,36,58
218,Nick Gonzales,25,PIT,94,387,359,42,97,19,3,7,49,5,3,18,74
219,Josh Lowe*,26,TBR,106,387,353,37,85,19,2,10,34,25,1,32,123
220,Alejandro Kirk,25,TOR,103,386,340,23,86,19,1,5,54,0,0,35,51
221,Tyler Freeman,25,CLE,118,383,330,48,69,14,1,7,32,11,6,28,53
222,Jake Fraley*,29,CIN,116,382,350,44,97,19,2,5,26,20,5,26,70
223,Thairo Estrada,28,SFG,96,381,364,43,79,15,2,9,47,2,2,10,76
224,Spencer Horwitz*,26,TOR,97,381,328,46,87,19,0,12,40,0,0,42,70
225,Spencer Torkelson,24,DET,92,381,342,45,75,21,1,10,37,0,0,33,105
226,Anthony Rizzo*,34,NYY,92,375,337,38,77,12,0,8,35,0,0,27,65
227,Starling Marte,35,NYM,94,370,335,46,90,13,3,7,40,16,1,27,81
228,Lenyn Sosa,24,CHW,100,369,351,28,89,13,0,8,35,3,1,12,77
229,Freddy Fermin,29,KCR,111,368,339,40,92,14,0,6,36,2,0,23,66
230,Carlos Correa,29,MIN,86,367,319,55,99,20,2,14,54,0,0,40,61
231,Abraham Toro#,27,OAK,94,364,337,34,81,17,1,6,26,4,2,20,62
232,Miguel Amaya,25,CHC,117,363,328,32,76,13,2,8,47,0,0,23,62
233,Johan Rojas,23,PHI,120,363,338,47,82,12,3,3,32,25,4,13,69
234,Jonny DeLuca,25,TBR,107,362,332,29,72,12,4,6,31,16,6,24,77
235,Brandon Drury,31,LAA,97,360,325,28,55,7,0,4,15,1,0,27,81
236,Willson Contreras,32,STL,84,358,301,48,79,17,0,15,36,4,1,45,96
237,Michael Massey*,26,KCR,100,356,332,45,86,17,2,14,45,1,0,15,56
238,Will Brennan*,26,CLE,114,353,330,37,87,13,2,8,30,4,2,19,48
239,Gabriel Moreno,24,ARI,97,351,305,39,81,18,1,5,45,3,1,41,52
240,Elias Díaz,33,2TM,96,351,325,27,86,20,0,6,39,0,0,20,69
240,Elias Díaz,33,COL,84,327,304,26,82,18,0,5,36,0,0,17,64
240,Elias Díaz,33,SDP,12,24,21,1,4,2,0,1,3,0,0,3,5
241,Mike Tauchman*,33,CHC,109,350,298,50,74,12,1,7,29,6,2,47,70
242,Eloy Jiménez,27,2TM,98,349,324,25,77,14,0,6,23,3,0,22,70
242,Eloy Jiménez,27,CHW,65,249,229,18,55,9,0,5,16,3,0,18,47
242,Eloy Jiménez,27,BAL,33,100,95,7,22,5,0,1,7,0,0,4,23
243,Jake Bauers*,28,MIL,116,346,302,45,60,9,2,12,43,13,1,39,118
244,Jake Cave*,31,COL,123,346,323,42,81,16,5,7,37,5,2,18,98
245,Amed Rosario,28,3TM,103,346,332,29,93,18,3,3,32,13,5,9,73
245,Amed Rosario,28,2TM,27,71,68,7,12,1,0,1,6,4,1,2,25
245,Amed Rosario,28,TBR,76,275,264,22,81,17,3,2,26,9,4,7,48
245,Amed Rosario,28,LAD,5,12,11,1,3,1,0,0,2,1,1,1,2
245,Amed Rosario,28,CIN,22,59,57,6,9,0,0,1,4,3,0,1,23
246,Tyrone Taylor,30,NYM,130,345,319,47,79,22,3,7,35,11,2,19,80
247,Manuel Margot,29,MIN,129,343,315,37,75,17,1,4,31,5,0,21,54
248,Francisco Alvarez,22,NYM,100,342,308,39,73,14,2,11,47,1,1,30,86
249,Travis d'Arnaud,35,ATL,99,341,307,40,73,16,0,15,48,1,0,24,89
250,Tyler Fitzgerald,26,SFG,96,341,314,53,88,19,2,15,34,17,4,22,108
251,TJ Friedl*,28,CIN,85,341,297,35,67,5,1,13,55,9,1,26,52
252,Kyle Tucker*,27,HOU,78,339,277,56,80,13,0,23,49,11,0,56,54
253,Jake Rogers,29,DET,102,337,310,43,61,16,1,10,36,1,0,22,99
254,Miguel Rojas,35,LAD,103,337,307,41,87,21,0,6,36,8,2,23,34
255,Bo Bichette,26,TOR,81,336,311,29,70,16,1,4,31,5,1,20,64
256,James Wood*,21,WSN,79,336,295,43,78,13,4,9,41,14,8,39,97
257,Nick Fortes,27,MIA,110,335,308,28,70,16,0,4,29,0,1,11,41
258,Whit Merrifield,35,2TM,95,335,293,44,65,9,3,4,15,17,3,35,52
258,Whit Merrifield,35,PHI,53,174,156,21,31,4,1,3,11,11,1,15,19
258,Whit Merrifield,35,ATL,42,161,137,23,34,5,2,1,4,6,2,20,33
259,Michael Siani*,24,STL,124,334,298,42,68,7,2,2,20,20,3,21,92
260,Adam Duvall,35,ATL,104,330,303,29,55,10,0,11,30,0,0,21,99
261,Ben Rortvedt*,26,TBR,112,328,290,27,66,13,0,3,31,1,0,34,88
262,Oswaldo Cabrera#,25,NYY,108,326,299,47,74,11,0,8,36,4,2,21,63
263,Royce Lewis,25,MIN,82,325,292,40,68,16,0,16,47,0,0,28,74
264,Zach McKinstry*,29,DET,118,325,297,32,64,14,5,4,23,16,0,24,69
265,Danny Jansen,29,2TM,92,324,278,35,57,13,0,9,24,0,0,40,61
265,Danny Jansen,29,TOR,62,228,198,27,42,13,0,6,18,0,0,25,42
265,Danny Jansen,29,BOS,30,96,80,8,15,0,0,3,6,0,0,15,19
266,Miguel Andujar,29,OAK,75,319,302,31,86,14,1,4,30,3,2,13,42
267,Eddie Rosario*,32,2TM,91,319,297,33,52,12,0,10,35,9,1,16,77
267,Eddie Rosario*,32,WSN,67,235,219,26,40,11,0,7,26,8,1,13,54
267,Eddie Rosario*,32,ATL,24,84,78,7,12,1,0,3,9,1,0,3,23
268,David Hamilton*,26,BOS,98,317,294,47,73,17,1,8,28,33,4,22,80
269,Richie Palacios*,27,TBR,92,316,264,46,59,8,1,5,21,19,1,45,67
270,Christian Vázquez,33,MIN,93,315,294,29,65,10,0,7,27,3,1,11,65
271,Christian Yelich*,32,MIL,73,315,270,44,85,12,3,11,42,21,1,40,58
272,Kevin Pillar,35,2TM,100,314,284,38,65,16,1,8,45,12,3,16,69
272,Kevin Pillar,35,CHW,17,32,25,1,4,2,0,1,4,2,0,4,8
272,Kevin Pillar,35,LAA,83,282,259,37,61,14,1,7,41,10,3,12,61
273,Joey Meneses,32,WSN,76,313,281,19,65,11,0,3,42,2,0,21,63
274,Carson Kelly,29,2TM,91,313,281,32,67,9,1,9,37,0,0,25,55
274,Carson Kelly,29,DET,60,203,179,21,43,4,1,7,29,0,0,17,40
274,Carson Kelly,29,TEX,31,110,102,11,24,5,0,2,8,0,0,8,15
275,Kevin Newman,30,ARI,111,311,288,41,80,17,1,3,28,8,1,15,48
276,Donovan Solano,36,SDP,96,309,283,31,81,13,0,8,35,2,1,22,65
277,Ramón Laureano,29,2TM,98,309,286,35,74,16,1,11,33,8,3,15,96
277,Ramón Laureano,29,CLE,31,83,70,7,10,3,0,1,4,3,1,7,32
277,Ramón Laureano,29,ATL,67,226,216,28,64,13,1,10,29,5,2,8,64
278,Rob Refsnyder,33,BOS,93,307,272,32,77,16,1,11,40,2,2,28,78
279,Dominic Smith*,29,2TM,93,307,275,33,64,22,0,6,34,1,1,28,76
279,Dominic Smith*,29,BOS,84,278,249,29,59,20,0,6,34,1,1,25,65
279,Dominic Smith*,29,CIN,9,29,26,4,5,2,0,0,0,0,0,3,11
280,Luis Rengifo#,27,LAA,78,304,283,41,85,13,1,6,30,24,7,16,44
281,Xavier Edwards#,24,MIA,70,303,265,39,87,12,5,1,26,31,4,33,52
282,Ildemaro Vargas#,32,WSN,95,303,272,21,67,16,0,1,30,9,4,19,31
283,Emmanuel Rivera,28,2TM,123,302,265,24,63,9,2,5,29,2,0,26,69
283,Emmanuel Rivera,28,MIA,96,229,201,15,43,6,1,1,15,2,0,20,51
283,Emmanuel Rivera,28,BAL,27,73,64,9,20,3,1,4,14,0,0,6,18
284,Edouard Julien*,25,MIN,94,301,266,36,53,9,0,8,21,6,0,33,102
285,Ramón Urías,30,BAL,100,301,272,39,69,9,2,11,37,1,1,23,55
286,Michael A. Taylor,33,PIT,113,300,269,35,52,9,1,5,21,12,1,23,105
287,Luis Campusano,25,SDP,91,299,277,37,63,13,0,8,40,0,0,20,41
288,Parker Meadows*,24,DET,82,298,270,39,66,12,6,9,28,9,4,25,76
289,Nolan Jones*,26,COL,79,297,256,28,58,13,1,3,28,5,4,36,91
290,Kerry Carpenter*,26,DET,87,296,264,37,75,16,5,18,57,0,2,22,75
291,Víctor Robles,27,2TM,91,295,254,44,78,20,0,4,28,34,2,21,53
291,Víctor Robles,27,WSN,14,33,25,3,3,0,0,0,2,4,1,5,9
291,Víctor Robles,27,SEA,77,262,229,41,75,20,0,4,26,30,1,16,44
292,Adam Frazier*,32,KCR,104,294,262,35,53,10,1,4,22,3,0,22,59
293,Max Muncy*,33,LAD,73,293,237,47,55,17,0,15,48,1,0,45,77
294,Jose Iglesias,34,NYM,85,291,270,39,91,16,1,4,26,6,2,12,39
295,Javier Báez,31,DET,80,289,272,25,50,12,0,6,37,8,1,12,69
296,Ezequiel Durán,25,TEX,92,285,268,26,66,11,0,3,20,1,2,14,63
297,Joey Bart,27,PIT,80,282,253,38,67,11,0,13,45,0,0,22,73
298,Jacob Stallings,34,COL,82,281,243,31,64,17,1,9,36,0,0,27,65
299,Kevin Kiermaier*,34,2TM,116,281,259,31,51,9,3,5,26,6,2,12,86
299,Kevin Kiermaier*,34,TOR,82,217,200,24,39,7,2,4,18,5,0,10,66
299,Kevin Kiermaier*,34,LAD,34,64,59,7,12,2,1,1,8,1,2,2,20
300,Gary Sánchez,31,MIL,89,280,245,30,54,7,1,11,37,0,0,27,76
301,Randal Grichuk,32,ARI,106,279,254,40,74,20,2,12,46,0,0,20,46
302,Vidal Bruján#,26,MIA,102,278,248,32,55,14,2,2,16,5,6,25,54
303,Tyler Nevin,27,OAK,87,278,245,22,50,10,0,7,20,1,0,25,64
304,Jack Suwinski*,25,PIT,88,277,247,29,45,8,0,9,26,9,1,27,79
305,Nick Gordon*,28,MIA,95,275,260,29,59,11,1,8,32,5,5,11,67
306,Victor Caratini#,30,HOU,87,274,245,30,66,8,1,8,30,0,1,23,53
307,Edmundo Sosa,28,PHI,90,274,249,39,64,12,4,7,31,7,1,13,66
308,Jonah Bride,28,MIA,71,272,232,30,64,10,0,11,39,0,1,30,55
309,Brett Wisely*,25,SFG,91,272,252,25,60,13,1,4,31,2,3,13,65
310,Chas McCormick,29,HOU,94,267,242,32,51,6,1,5,27,8,2,17,72
311,Nick Senzel,29,2TM,74,267,236,25,46,11,0,7,18,1,3,28,61
311,Nick Senzel,29,WSN,64,235,206,25,43,10,0,7,18,1,3,27,53
311,Nick Senzel,29,CHW,10,32,30,0,3,1,0,0,0,0,0,1,8
312,Dylan Carlson#,25,2TM,96,265,235,19,49,7,0,3,25,2,1,22,75
312,Dylan Carlson#,25,STL,59,138,121,12,24,5,0,0,11,0,1,12,37
312,Dylan Carlson#,25,TBR,37,127,114,7,25,2,0,3,14,2,0,10,38
313,Sean Murphy,29,ATL,72,264,233,19,45,5,1,10,25,0,0,27,67
314,Kyle Higashioka,34,SDP,84,263,246,29,54,10,1,17,45,2,0,15,74
315,Joey Loperfido*,25,2TM,81,262,243,24,52,13,4,4,25,4,2,13,95
315,Joey Loperfido*,25,HOU,38,118,106,11,25,5,1,2,16,2,1,7,43
315,Joey Loperfido*,25,TOR,43,144,137,13,27,8,3,2,9,2,1,6,52
316,Matt Wallner*,26,MIN,75,261,220,26,57,17,1,13,37,3,0,24,95
317,Joey Gallo*,30,WSN,76,260,223,24,36,9,0,10,27,3,1,32,102
318,David Peralta*,36,SDP,91,260,236,35,63,11,0,8,28,2,0,22,54
319,Iván Herrera,24,STL,72,259,229,37,69,12,1,5,27,5,0,25,53
320,Jason Heyward*,34,2TM,87,258,228,33,48,12,2,10,37,5,0,22,53
320,Jason Heyward*,34,LAD,63,197,173,25,36,10,2,6,28,4,0,17,36
320,Jason Heyward*,34,HOU,24,61,55,8,12,2,0,4,9,1,0,5,17
321,Austin Martin,25,MIN,93,257,233,41,59,18,1,1,16,7,3,20,47
322,Austin Hays,28,2TM,85,255,235,26,60,18,0,5,20,2,2,9,59
322,Austin Hays,28,BAL,63,175,157,18,40,13,0,3,14,0,1,9,40
322,Austin Hays,28,PHI,22,80,78,8,20,5,0,2,6,2,1,0,19
323,Willie Calhoun*,29,LAA,68,254,229,26,56,16,0,5,20,0,1,23,31
324,Taylor Walls#,27,TBR,84,252,218,27,40,5,3,1,14,16,4,31,67
325,Juan Yepez,26,WSN,62,249,226,32,64,15,0,6,26,2,1,18,42
326,Elehuris Montero,25,COL,67,247,224,23,46,10,0,4,28,0,0,20,56
327,Chris Taylor,33,LAD,87,246,213,28,43,7,1,4,23,5,1,28,76
328,Harold Ramírez,29,2TM,73,246,238,28,62,7,1,2,29,6,2,5,50
328,Harold Ramírez,29,TBR,48,169,164,21,44,3,0,1,13,5,2,3,33
328,Harold Ramírez,29,WSN,25,77,74,7,18,4,1,1,16,1,0,2,17
329,Robbie Grossman#,34,3TM,87,245,208,21,44,8,0,3,16,3,0,34,58
329,Robbie Grossman#,34,CHW,25,85,71,6,15,4,0,0,4,2,0,13,20
329,Robbie Grossman#,34,TEX,46,122,105,13,25,4,0,3,10,1,0,16,25
329,Robbie Grossman#,34,KCR,16,38,32,2,4,0,0,0,2,0,0,5,13
330,Andy Ibáñez,31,DET,99,244,224,30,54,9,1,5,32,2,3,15,63
331,Triston Casas*,24,BOS,63,243,212,28,51,8,0,13,32,0,1,30,77
332,Yasmani Grandal#,35,PIT,72,243,215,26,49,10,0,9,27,1,0,24,46
333,Kyle Farmer,33,MIN,107,242,215,26,46,13,1,5,25,3,5,19,49
334,Wilmer Flores,32,SFG,71,242,214,19,44,12,0,4,26,0,0,20,33
335,Noelvi Marté,22,CIN,66,242,229,24,48,9,0,4,18,9,3,9,75
336,Tim Anderson,31,MIA,65,241,234,16,50,3,0,0,9,4,4,7,68
337,Dominic Fletcher*,26,CHW,72,241,223,14,46,8,0,1,17,0,0,11,58
338,Anthony Rendon,34,LAA,57,238,206,21,45,10,0,0,14,6,1,23,35
339,Miguel Vargas,24,2TM,72,237,206,22,31,7,0,5,16,3,1,25,57
339,Miguel Vargas,24,LAD,30,80,71,11,17,4,0,3,9,1,0,8,16
339,Miguel Vargas,24,CHW,42,157,135,11,14,3,0,2,7,2,1,17,41
340,Jose Trevino,31,NYY,73,234,209,26,45,5,0,8,28,1,0,20,41
341,Stuart Fairchild,28,CIN,94,233,209,33,45,8,0,8,30,13,1,17,60
342,James McCann,34,BAL,65,233,214,27,50,9,0,8,31,1,0,13,56
343,Garrett Hampson,29,KCR,113,231,213,16,49,13,1,0,16,7,2,14,59
344,Justyn-Henry Malloy,24,DET,71,230,202,18,41,7,1,8,21,1,1,23,85
345,Nelson Velázquez,25,KCR,64,230,205,31,41,8,1,8,27,2,0,19,61
346,DJ LeMahieu,35,NYY,67,228,201,19,41,5,0,2,26,0,1,19,35
347,Nick Ahmed,34,3TM,71,228,210,20,48,6,1,2,17,2,1,11,51
347,Nick Ahmed,34,SFG,52,172,155,13,36,6,1,1,15,1,1,10,35
347,Nick Ahmed,34,LAD,17,49,48,6,11,0,0,1,2,1,0,1,14
347,Nick Ahmed,34,SDP,2,7,7,1,1,0,0,0,0,0,0,0,2
348,Addison Barger*,24,TOR,69,225,208,20,41,11,0,7,28,2,0,14,60
349,Hunter Goodman,24,COL,70,224,211,24,40,9,0,13,36,1,1,8,64
350,Garrett Mitchell*,25,MIL,69,224,196,33,50,12,3,8,21,11,4,25,71
351,Cavan Biggio*,29,3TM,78,224,188,27,37,5,0,5,19,2,0,24,72
351,Cavan Biggio*,29,2TM,34,93,78,12,15,1,0,3,10,0,0,10,30
351,Cavan Biggio*,29,TOR,44,131,110,15,22,4,0,2,9,2,0,14,42
351,Cavan Biggio*,29,LAD,30,88,73,11,14,1,0,3,10,0,0,10,28
351,Cavan Biggio*,29,ATL,4,5,5,1,1,0,0,0,0,0,0,0,2
352,Enmanuel Valdéz*,25,BOS,76,223,201,23,43,12,0,6,28,1,1,17,53
353,Ronald Acuña Jr.,26,ATL,49,222,192,38,48,8,1,4,15,16,3,27,53
354,Daniel Schneemann*,27,CLE,73,221,193,17,42,10,2,5,22,3,2,25,70
355,Pedro Pagés,25,STL,68,218,202,19,48,3,2,7,27,2,0,13,58
356,Romy González,27,BOS,89,216,199,25,53,10,1,6,29,11,3,12,58
357,Tyler Soderstrom*,22,OAK,61,213,189,18,44,10,0,9,26,0,0,20,53
358,Austin Slater,31,3TM,84,212,177,24,37,4,0,2,18,3,2,26,60
358,Austin Slater,31,2TM,51,133,108,14,20,1,0,1,12,2,1,18,37
358,Austin Slater,31,SFG,43,112,90,12,18,1,0,1,9,2,1,16,31
358,Austin Slater,31,CIN,8,21,18,2,2,0,0,0,3,0,0,2,6
358,Austin Slater,31,BAL,33,79,69,10,17,3,0,1,6,1,1,8,23
359,Trey Lipscomb,24,WSN,61,211,190,20,38,3,0,1,10,11,2,16,40
360,Leo Jiménez,23,TOR,63,210,179,18,41,11,0,4,19,0,0,12,59
361,Trent Grisham*,27,NYY,76,209,179,21,34,8,0,9,31,1,1,22,57
362,Kyle Stowers*,26,2TM,69,209,192,15,40,11,2,3,24,0,1,13,74
362,Kyle Stowers*,26,BAL,19,37,36,3,11,4,0,1,9,0,1,0,13
362,Kyle Stowers*,26,MIA,50,172,156,12,29,7,2,2,15,0,0,13,61
363,Jackson Holliday*,20,BAL,60,208,190,28,36,4,2,5,23,4,0,15,69
364,Jorge Mateo,29,BAL,68,208,192,30,44,14,2,5,18,13,2,10,48
365,Travis Jankowski*,33,TEX,104,207,190,19,38,5,0,1,12,11,1,12,44
366,Jhonkensy Noel,22,CLE,67,198,179,25,39,7,1,13,28,0,0,13,63
367,Edward Olivares,28,PIT,55,196,174,22,39,4,0,5,23,1,0,16,37
368,DJ Stewart*,30,NYM,74,194,158,16,28,4,0,5,19,1,0,31,48
369,Connor Norby,24,2TM,45,194,178,32,42,9,0,9,20,3,3,15,64
369,Connor Norby,24,BAL,9,32,32,3,6,1,0,2,3,0,0,0,12
369,Connor Norby,24,MIA,36,162,146,29,36,8,0,7,17,3,3,15,52
370,Corey Julks,28,CHW,66,189,173,17,37,7,0,3,14,5,2,15,50
371,Dominic Canzone*,26,SEA,67,188,168,20,33,7,0,8,17,1,0,18,53
372,Josh Jung,26,TEX,46,188,178,19,47,5,1,7,16,4,0,8,48
373,Garrett Stubbs*,31,PHI,54,187,164,18,34,4,1,1,11,5,0,17,50
374,Luis Guillorme*,29,3TM,77,187,161,14,33,9,1,0,10,4,2,23,36
374,Luis Guillorme*,29,2TM,27,70,57,8,9,4,0,0,7,3,0,12,13
374,Luis Guillorme*,29,ATL,9,21,20,2,3,2,0,0,3,0,0,1,5
374,Luis Guillorme*,29,LAA,50,117,104,6,24,5,1,0,3,1,2,11,23
374,Luis Guillorme*,29,ARI,18,49,37,6,6,2,0,0,4,3,0,11,8
375,Daz Cameron,27,OAK,66,186,170,22,34,5,1,5,15,5,0,13,51
376,Matt Thaiss*,29,LAA,57,186,157,14,32,9,0,2,16,3,0,28,58
377,Blaze Alexander,25,ARI,61,185,166,19,41,7,0,3,21,3,1,15,49
378,Brooks Lee#,23,MIN,50,185,172,9,38,6,1,3,27,3,0,11,27
379,Jordan Beck,23,COL,55,184,170,14,32,6,0,3,13,7,1,12,65
380,Cristian Pache,25,3TM,88,183,165,13,33,8,1,1,16,1,0,17,64
380,Cristian Pache,25,2TM,85,182,164,13,32,8,1,1,16,1,0,17,64
380,Cristian Pache,25,PHI,50,118,104,9,21,5,1,0,9,0,0,13,43
380,Cristian Pache,25,BAL,3,1,1,0,1,0,0,0,0,0,0,0,0
380,Cristian Pache,25,MIA,35,64,60,4,11,3,0,1,7,1,0,4,21
381,Alex Kirilloff*,26,MIN,57,178,159,20,32,8,3,5,20,0,0,15,47
382,Ben Rice*,25,NYY,50,178,152,20,26,6,0,7,23,0,1,20,48
383,Jordan Walker,22,STL,51,178,164,16,33,10,1,5,20,1,0,10,50
384,Junior Caminero,20,TBR,43,177,165,15,41,9,1,6,18,2,0,11,38
385,Patrick Wisdom,32,CHC,75,174,158,16,27,7,2,8,23,5,0,10,59
386,Derek Hill,28,3TM,53,172,162,19,39,4,2,7,25,6,2,5,56
386,Derek Hill,28,2TM,37,127,119,14,28,4,2,4,20,4,1,3,42
386,Derek Hill,28,TEX,16,45,43,5,11,0,0,3,5,2,1,2,14
386,Derek Hill,28,SFG,5,13,12,3,3,0,1,0,2,0,0,1,3
386,Derek Hill,28,MIA,32,114,107,11,25,4,1,4,18,4,1,2,39
387,Brett Baty*,24,NYM,50,171,153,15,35,3,0,4,16,0,0,16,42
388,Nick Loftin,25,KCR,56,171,148,15,28,4,0,1,14,1,0,19,24
389,Ángel Martínez#,22,CLE,43,169,151,16,35,7,0,3,11,3,1,15,33
390,José Tena*,23,2TM,44,168,161,14,43,5,0,3,15,6,1,7,41
390,José Tena*,23,CLE,3,4,4,0,0,0,0,0,0,0,0,0,2
390,José Tena*,23,WSN,41,164,157,14,43,5,0,3,15,6,1,7,39
391,Nick Martini*,34,CIN,52,163,146,23,31,4,2,5,24,1,3,9,38
392,Evan Carter*,21,TEX,45,162,144,23,27,6,2,5,15,2,0,15,43
393,Gabriel Arias,24,CLE,53,161,153,15,34,9,1,3,15,5,2,6,53
394,Sam Hilliard*,30,COL,58,158,138,26,33,5,1,10,27,5,2,14,56
395,Jung Hoo Lee*,25,SFG,37,158,145,15,38,4,0,2,8,2,3,10,13
396,Reese McGuire*,29,BOS,53,158,139,10,29,3,0,3,18,3,0,13,39
397,Pavin Smith*,28,ARI,60,158,137,26,37,11,0,9,36,1,0,18,31
398,Matt Carpenter*,38,STL,59,157,137,15,32,7,0,4,15,0,2,15,51
399,Kyle McCann*,26,OAK,54,157,140,13,33,4,0,5,15,0,0,16,59
400,J.D. Davis,31,2TM,46,157,142,13,31,5,0,4,6,0,0,12,39
400,J.D. Davis,31,OAK,39,135,123,12,29,4,0,4,5,0,0,9,30
400,J.D. Davis,31,NYY,7,22,19,1,2,1,0,0,1,0,0,3,9
401,Austin Barnes,34,LAD,54,156,140,12,37,3,0,1,11,3,0,14,36
402,Kyle Manzardo*,23,CLE,53,156,145,11,34,12,0,5,15,0,0,9,41
403,Luis Matos,22,SFG,45,156,150,14,32,5,0,5,25,0,0,5,24
404,James Outman*,27,LAD,53,156,136,12,20,4,0,4,11,2,1,16,55
405,Tyler Wade*,29,SDP,90,156,138,28,30,3,0,0,8,8,1,11,29
406,Kris Bryant,32,COL,37,155,133,9,29,5,0,2,15,0,0,13,48
407,Alex Jackson,28,TBR,58,155,139,17,17,7,0,3,12,1,0,12,53
408,Victor Scott II*,23,STL,53,155,145,14,26,9,0,2,10,5,1,6,42
409,Luke Maile,33,CIN,53,154,135,8,24,4,0,2,8,2,0,13,52
410,Tommy Edman#,29,LAD,37,153,139,20,33,5,1,6,20,6,0,11,30
411,Martín Maldonado,37,CHW,48,147,135,9,16,3,0,4,11,0,0,8,51
412,Christian Bethancourt,32,2TM,62,147,139,18,29,7,0,5,22,3,0,5,36
412,Christian Bethancourt,32,MIA,38,88,82,9,13,3,0,2,7,0,0,3,22
412,Christian Bethancourt,32,CHC,24,59,57,9,16,4,0,3,15,3,0,2,14
413,Austin Hedges,31,CLE,66,146,132,12,20,3,0,2,15,2,0,6,50
414,Jonathan Aranda*,26,TBR,44,143,128,22,30,7,0,6,14,0,0,12,32
415,Andruw Monasterio,27,MIL,59,142,125,14,26,5,0,1,16,6,2,16,40
416,Danny Mendick,30,CHW,47,141,132,13,26,7,0,3,8,6,0,6,35
417,Tomás Nido,30,2TM,49,140,130,14,25,4,0,4,12,0,0,5,35
417,Tomás Nido,30,NYM,32,90,83,9,19,2,0,3,8,0,0,4,20
417,Tomás Nido,30,CHC,17,50,47,5,6,2,0,1,4,0,0,1,15
418,Darell Hernaiz,22,OAK,48,135,120,8,23,3,0,1,12,1,1,11,27
419,Dairon Blanco,31,KCR,88,132,120,37,31,4,0,4,13,31,7,8,32
420,Andrés Chaparro,25,WSN,33,132,121,12,26,12,0,4,15,1,1,7,24
421,Dylan Crews,22,WSN,31,132,119,12,26,5,1,3,8,12,3,11,26
422,Curtis Mead,23,TBR,38,132,122,10,29,3,0,1,7,2,0,6,30
423,Riley Adams,28,WSN,41,130,116,10,26,5,1,2,8,1,0,10,35
424,Grant McCray*,23,SFG,37,130,124,13,25,3,2,5,10,5,0,6,56
425,Luis Torrens,28,NYM,47,130,118,14,27,8,0,3,15,0,1,9,28
426,Mike Trout,32,LAA,29,126,109,17,24,1,2,10,14,6,1,16,27
427,Curt Casali,35,SFG,41,125,108,12,21,3,0,1,8,0,0,13,22
428,Michael Stefanic,28,LAA,40,124,110,8,24,4,0,0,8,0,0,10,20
429,Christian Encarnacion-Strand,24,CIN,29,123,116,13,22,6,0,2,16,0,0,4,35
430,Brett Harris,26,OAK,36,123,103,15,15,3,0,3,12,0,3,17,25
431,Henry Davis,24,PIT,37,122,104,9,15,4,0,1,5,0,0,13,45
432,Brooks Baldwin#,23,CHW,33,121,114,9,24,6,0,2,8,4,0,6,31
433,José Abreu,37,HOU,35,120,113,10,14,2,0,2,7,0,0,4,28
434,Kody Clemens*,28,PHI,43,120,114,17,25,9,1,5,18,0,0,5,29
435,Jerar Encarnación,26,SFG,35,119,113,13,28,5,0,5,19,1,0,5,34
436,Trey Sweeney*,24,DET,36,119,110,11,24,5,0,4,17,2,0,7,32
437,Garrett Cooper,33,2TM,36,116,107,6,22,5,1,1,11,0,0,7,35
437,Garrett Cooper,33,CHC,12,41,37,3,10,1,1,1,6,0,0,4,13
437,Garrett Cooper,33,BOS,24,75,70,3,12,4,0,0,5,0,0,3,22
438,Vaughn Grissom,23,BOS,31,114,105,10,20,3,0,0,6,2,0,7,24
439,José Herrera#,27,ARI,42,114,97,11,22,4,1,1,13,0,0,9,27
440,Heston Kjerstad*,25,BAL,39,114,99,8,25,2,0,4,14,1,0,10,33
441,Alex Call,29,WSN,30,113,99,15,34,9,0,3,14,5,1,12,19
442,Casey Schmitt,25,SFG,40,113,107,11,27,4,1,6,16,0,0,4,25
443,Estevan Florial*,26,CLE,36,111,98,11,17,6,2,3,11,2,1,11,41
444,Ryan Noda*,28,OAK,36,111,95,8,13,4,0,1,4,0,0,14,37
445,Luis Urías,27,SEA,41,109,94,11,18,7,0,4,16,0,0,9,34
446,Sean Bouchard,28,COL,31,108,91,14,17,7,0,1,8,4,0,12,33
447,Dane Myers,28,MIA,44,108,95,17,25,6,1,3,19,4,1,8,36
448,Bryan Ramos,22,CHW,32,108,99,13,20,4,0,3,11,0,2,7,22
449,Niko Kavadas*,25,LAA,30,106,93,11,17,2,0,4,8,1,0,11,41
450,Miles Mastrobuoni*,28,CHC,50,106,98,9,19,3,0,0,4,2,0,7,17
451,Trevor Story,31,BOS,26,106,94,8,24,7,0,2,10,6,3,11,33
452,Nick Allen,25,OAK,41,105,97,6,17,4,0,1,4,0,0,5,20
453,Oliver Dunn*,26,MIL,41,104,95,11,21,2,2,1,7,3,0,6,40
454,Alek Thomas*,24,ARI,39,103,95,13,18,5,1,3,17,4,1,7,17
455,Jacob Wilson,22,OAK,28,103,92,11,23,2,2,0,3,0,0,8,10
456,Ben Gamel*,32,2TM,38,99,81,22,20,4,0,1,4,1,0,18,24
456,Ben Gamel*,32,NYM,18,30,23,9,5,1,0,0,0,1,0,7,7
456,Ben Gamel*,32,HOU,20,69,58,13,15,3,0,1,4,0,0,11,17
457,Aaron Schunk,26,COL,39,98,94,14,22,3,0,2,7,0,1,4,31
458,Weston Wilson,29,PHI,40,98,88,13,25,7,1,3,10,3,0,8,29
459,Tucker Barnhart*,33,ARI,31,96,81,13,14,3,0,0,6,1,0,13,31
460,Yan Gomes,36,CHC,34,96,91,7,14,2,0,2,7,0,0,2,36
461,Ali Sánchez,27,MIA,31,96,84,5,14,2,0,0,4,2,1,4,24
462,Alika Williams,25,PIT,37,96,87,13,18,4,2,0,5,1,0,3,22
463,Miguel Sanó,31,LAA,28,95,83,9,17,3,0,2,6,0,0,9,36
464,Jace Jung*,23,DET,34,94,79,14,19,5,0,0,3,0,1,15,29
465,Nick Madrigal,27,CHC,51,94,86,5,19,3,0,0,10,1,0,4,10
466,Bobby Dalbec,29,BOS,37,93,83,6,11,2,0,1,8,3,0,8,43
467,Andrew Knizner,29,TEX,35,93,90,5,15,1,0,1,9,0,0,1,22
468,Trey Cabbage*,27,HOU,45,91,86,12,18,8,0,1,8,1,1,4,34
469,Nathan Lukes*,29,TOR,22,91,76,13,23,4,2,1,10,1,0,10,9
470,Griffin Conine*,26,MIA,30,89,82,14,22,4,1,3,12,0,0,6,28
471,Zack Short,29,3TM,42,88,70,11,9,3,0,0,5,2,1,14,24
471,Zack Short,29,2TM,40,81,63,11,9,3,0,0,5,2,1,14,20
471,Zack Short,29,NYM,10,12,9,2,1,0,0,0,0,0,1,2,4
471,Zack Short,29,BOS,2,7,7,0,0,0,0,0,0,0,0,0,4
471,Zack Short,29,ATL,30,69,54,9,8,3,0,0,5,2,0,12,16
472,Adrian Del Castillo*,24,ARI,25,87,80,12,25,5,0,4,19,1,1,7,28
473,Dillon Dingler,25,DET,27,87,84,2,14,5,2,1,11,0,0,3,30
474,Leo Rivas#,26,SEA,43,86,73,10,17,1,1,0,8,3,0,10,24
475,Nick Sogard#,26,BOS,31,86,77,13,21,4,0,0,8,3,0,7,25
476,Will Wagner*,25,TOR,24,86,82,8,25,6,0,2,11,0,0,4,16
477,Akil Baddoo*,25,DET,31,82,73,7,10,2,2,2,5,1,0,8,27
478,Ji Hwan Bae*,24,PIT,29,81,74,11,14,2,0,0,6,6,2,6,24
479,Marco Luciano,22,SFG,27,81,76,10,16,5,1,0,3,0,1,5,28
480,Brandon Crawford*,37,STL,28,80,71,5,12,5,0,1,4,0,0,8,26
481,José Azócar,28,SDP,61,79,73,13,16,2,0,0,2,5,1,5,19
482,José Fermín,25,STL,45,79,71,7,11,1,1,0,4,2,1,7,11
483,Daniel Vogelbach*,31,TOR,31,79,70,5,13,5,0,1,8,0,0,9,17
484,Nasim Nuñez#,23,WSN,51,78,61,14,15,1,0,0,1,8,2,12,15
485,Joshua Palacios*,28,PIT,23,78,67,10,15,2,0,2,9,1,0,10,12
486,Chuckie Robinson,29,CHW,26,76,70,2,9,0,0,0,0,0,0,5,20
487,Zach DeLoach*,25,CHW,22,75,67,10,14,5,0,1,5,0,1,8,21
488,Bligh Madris*,28,DET,21,75,67,8,18,3,0,1,5,0,0,6,20
489,Jon Berti,34,NYY,25,74,66,10,18,0,0,1,6,5,1,6,14
490,Eric Wagaman,26,LAA,18,74,72,6,18,5,0,2,10,0,0,2,17
491,Bryce Johnson#,28,SDP,47,73,63,9,13,2,0,0,4,1,1,7,12
492,Jacob Amaya,25,2TM,24,72,68,4,12,1,0,0,3,1,0,4,28
492,Jacob Amaya,25,HOU,1,1,1,0,0,0,0,0,0,0,0,0,0
492,Jacob Amaya,25,CHW,23,71,67,4,12,1,0,0,3,1,0,4,28
493,Ryan Bliss,24,SEA,33,71,63,10,14,3,1,2,9,5,3,5,22
494,Jack López,31,LAA,27,71,67,4,17,3,0,1,6,0,1,2,25
495,Brian Serven,29,TOR,28,71,63,6,10,4,0,0,3,0,0,5,22
496,Eric Haase,31,MIL,30,69,66,10,18,1,0,5,14,0,0,3,28
497,Omar Narváez*,32,NYM,28,69,65,4,10,2,0,0,5,0,0,3,12
498,Jacob Hurtubise*,26,CIN,29,68,54,7,10,1,1,0,4,2,0,6,18
499,Jasson Domínguez#,21,NYY,18,67,56,8,10,1,0,2,4,5,0,11,19
500,Braden Shewmake*,26,CHW,29,67,64,4,8,2,0,1,4,5,1,1,10
501,Alan Trejo,28,COL,28,67,63,4,9,0,0,0,1,0,0,2,15
502,Jonatan Clase#,22,2TM,26,66,61,7,15,2,0,1,5,3,1,3,17
502,Jonatan Clase#,22,SEA,19,43,41,4,8,1,0,0,3,3,0,2,14
502,Jonatan Clase#,22,TOR,7,23,20,3,7,1,0,1,2,0,1,1,3
503,Zach Dezenzo,24,HOU,19,65,62,5,15,2,0,2,8,0,0,3,22
504,Yuli Gurriel,40,KCR,18,65,54,7,13,3,0,0,6,1,0,9,15
505,Ryan Kreidler,26,DET,35,65,59,9,7,0,0,1,2,5,3,6,19
506,Esteury Ruiz,25,OAK,29,65,55,10,11,2,1,2,8,5,4,4,20
507,Pablo Reyes,30,2TM,22,64,60,5,11,2,0,0,5,1,2,3,19
507,Pablo Reyes,30,BOS,21,64,60,4,11,2,0,0,5,1,2,3,19
507,Pablo Reyes,30,NYM,1,0,0,1,0,0,0,0,0,0,0,0,0
508,Aaron Hicks#,34,LAA,18,63,57,6,8,0,0,1,5,0,0,6,23
509,David Dahl*,30,PHI,19,62,58,6,12,2,0,3,8,0,0,3,21
510,Mike Ford*,31,CIN,17,62,60,2,9,0,1,1,4,0,0,2,15
511,Drew Millas#,26,WSN,20,62,57,7,14,1,0,1,1,4,0,5,16
512,Jared Walsh*,30,TEX,17,60,53,9,12,2,0,1,7,0,0,7,21
513,Kyren Paris,22,LAA,21,59,51,4,6,2,0,1,5,1,0,7,17
514,David Hensley,28,MIA,23,58,52,9,11,1,0,1,4,1,0,6,17
515,Tyler Black*,23,MIL,18,57,49,4,10,2,0,0,2,3,0,7,17
516,Mason McCoy,29,SDP,19,57,49,7,10,2,0,0,3,1,0,5,19
517,Eguy Rosario,24,SDP,30,57,53,5,13,6,0,3,6,0,0,2,20
518,Cole Tucker#,27,LAA,24,57,50,3,9,4,1,0,3,3,1,6,17
519,Rafael Marchán#,25,PHI,17,56,51,8,15,4,0,3,6,0,0,3,8
520,Chadwick Tromp,29,ATL,19,54,52,3,13,6,0,0,6,0,0,1,17
521,Drew Romo#,22,COL,16,53,51,4,9,3,0,0,6,0,1,2,18
522,Thomas Saggese,22,STL,18,52,49,5,10,2,0,1,4,0,0,2,14
523,Luke Williams,27,ATL,34,52,46,8,9,3,0,0,4,3,0,4,13
524,Avisaíl García,33,MIA,18,51,50,4,12,1,0,2,2,0,0,1,13
525,Rece Hinds,23,CIN,24,51,46,9,12,4,1,5,11,2,0,4,16
526,Austin Shenton*,26,TBR,19,50,42,3,9,5,0,1,3,0,0,8,14
527,Luken Baker,27,STL,21,49,40,3,7,1,1,2,10,1,0,7,11
528,Billy Cook,25,PIT,16,49,49,5,11,2,0,3,8,1,0,0,19
529,Tyler Locklear,23,SEA,16,49,45,3,7,1,0,2,3,1,0,3,20
530,René Pinto,27,TBR,19,49,42,5,9,3,0,2,6,0,0,4,18
531,Ryan Vilade,25,DET,17,49,45,5,8,0,0,1,5,0,0,2,12
532,Davis Wendzel,27,TEX,27,49,47,2,6,2,0,1,2,0,0,1,12
533,David Bote,31,CHC,37,48,46,4,14,4,0,0,6,0,0,2,13
534,Gustavo Campero#,26,LAA,13,48,46,6,11,0,1,1,6,3,0,0,8
535,Jamie Westbrook,29,BOS,21,48,40,4,6,2,0,2,7,0,0,4,14
536,Jahmai Jones,26,NYY,33,47,42,8,10,1,1,1,4,1,1,2,16
537,Coby Mayo,22,BAL,17,46,41,4,4,0,0,0,0,0,0,4,22
538,Shay Whitcomb,25,HOU,20,46,41,1,9,3,0,0,5,0,0,5,8
539,Steward Berroa#,25,TOR,28,45,37,7,7,1,0,0,1,6,2,8,14
540,Yoán Moncada#,29,CHW,12,45,40,4,11,3,1,0,0,1,0,5,11
541,Justin Foscue,25,TEX,15,44,42,3,2,1,0,0,1,0,0,2,18
542,Seby Zavala,30,SEA,18,43,39,4,6,2,0,1,2,0,0,3,16
543,Eli White,30,ATL,35,42,39,9,11,1,1,1,4,3,1,1,12
544,Nick Yorke,22,PIT,11,42,37,4,8,0,0,2,5,2,0,4,12
545,Luisangel Acuña,22,NYM,14,40,39,6,12,2,1,3,6,0,1,1,6
546,Jonathan Ornelas,24,TEX,18,40,37,1,8,2,0,0,3,0,0,2,13
547,Jhonny Pereda,28,MIA,20,40,39,2,9,0,0,0,4,0,0,0,10
548,Johnathan Rodríguez,24,CLE,13,40,31,6,4,1,0,0,5,0,0,9,14
549,Armando Alvarez,29,OAK,16,39,37,7,9,1,0,0,2,1,0,2,8
550,Zach Remillard,30,CHW,15,39,33,3,8,1,1,0,1,1,0,5,10
551,Jordyn Adams,24,LAA,11,38,35,4,8,0,0,1,4,2,0,3,12
552,Oscar Colás*,25,CHW,13,38,33,1,9,0,0,0,4,0,1,4,10
553,Tom Murphy,33,SFG,13,38,34,3,4,1,0,1,2,0,0,4,14
554,Blake Sabol*,26,SFG,11,38,32,3,10,2,0,0,1,0,0,5,9
555,Logan Driscoll*,26,TBR,15,37,35,2,6,0,0,1,5,0,0,1,6
556,David Villar,27,SFG,11,37,35,3,9,4,0,1,4,0,0,1,13
557,Joey Wendle*,34,NYM,18,37,36,3,8,1,0,0,1,1,0,1,9
558,Adael Amador#,21,COL,10,36,35,1,6,1,0,0,0,1,0,1,6
559,Javier Sanoja,21,MIA,15,36,35,3,8,2,0,0,2,0,0,1,4
560,Forrest Wall*,28,2TM,16,35,32,4,8,0,0,0,1,4,3,3,8
560,Forrest Wall*,28,ATL,13,32,29,3,7,0,0,0,1,3,3,3,6
560,Forrest Wall*,28,MIA,3,3,3,1,1,0,0,0,0,1,0,0,2
561,Aledmys Díaz,33,2TM,14,34,33,2,3,0,0,0,1,0,0,1,9
561,Aledmys Díaz,33,OAK,12,30,29,2,3,0,0,0,1,0,0,1,7
561,Aledmys Díaz,33,HOU,2,4,4,0,0,0,0,0,0,0,0,0,2
562,Niko Goodrum#,32,2TM,13,33,29,2,3,0,0,0,0,1,1,3,10
562,Niko Goodrum#,32,TBR,9,18,16,1,3,0,0,0,0,0,1,1,6
562,Niko Goodrum#,32,LAA,4,15,13,1,0,0,0,0,0,1,0,2,4
563,Nacho Alvarez Jr.,21,ATL,8,32,30,1,3,0,0,0,0,0,0,0,10
564,Travis Blankenhorn*,27,WSN,13,32,31,2,4,1,0,0,5,0,0,1,9
565,Graham Pauley*,23,SDP,13,32,32,4,4,0,0,2,5,0,0,0,15
566,César Salazar*,28,HOU,12,32,25,5,8,2,0,0,8,0,0,2,6
567,Luis De Los Santos,26,TOR,13,31,29,2,5,2,0,0,1,0,0,2,10
568,Tristan Gray*,28,2TM,15,31,28,0,3,1,0,0,0,0,0,3,16
568,Tristan Gray*,28,MIA,7,7,7,0,0,0,0,0,0,0,0,0,3
568,Tristan Gray*,28,OAK,8,24,21,0,3,1,0,0,0,0,0,3,13
569,Jason Vosler*,30,SEA,10,30,28,2,5,1,1,0,3,0,0,2,9
570,Trenton Brooks*,28,SFG,12,29,25,3,3,0,0,0,1,1,0,4,6
571,Blake Dunn,25,CIN,19,29,26,8,4,1,0,1,1,2,0,2,11
572,Ehire Adrianza#,34,LAA,8,28,26,4,5,1,0,1,2,0,0,2,11
573,Alexander Canario,24,CHC,15,28,25,4,7,1,0,1,2,1,0,2,11
574,Charles Leblanc,28,LAA,11,28,21,6,4,0,0,2,6,0,0,7,9
575,Billy McKinney*,29,PIT,10,28,25,4,5,1,0,0,2,0,0,2,13
576,Matt Mervis*,26,CHC,9,28,26,1,3,1,0,0,3,0,0,1,8
577,Joey Wiemer,25,2TM,21,28,26,2,4,0,0,0,0,1,1,2,9
577,Joey Wiemer,25,MIL,19,27,26,2,4,0,0,0,0,1,1,1,9
577,Joey Wiemer,25,CIN,2,1,0,0,0,0,0,0,0,0,0,1,0
578,Keston Hiura,27,LAA,10,27,27,1,4,0,0,0,1,0,1,0,10
579,Owen Miller,27,MIL,14,27,27,2,5,1,0,0,3,0,0,0,8
580,Cal Stevenson*,27,PHI,18,27,24,2,6,3,0,0,6,0,0,3,4
581,Jace Peterson*,34,ARI,14,26,22,2,1,0,0,0,1,0,0,3,6
582,Buddy Kennedy,25,2TM,14,26,21,3,4,1,0,1,6,1,0,4,7
582,Buddy Kennedy,25,DET,6,13,10,2,2,0,0,1,4,1,0,2,4
582,Buddy Kennedy,25,PHI,8,13,11,1,2,1,0,0,2,0,0,2,3
583,Grae Kessinger,26,HOU,22,25,21,4,0,0,0,0,0,0,0,3,7
584,Donovan Walton*,30,SFG,9,25,22,3,3,0,0,1,2,0,0,2,7
585,Mickey Gasper#,28,BOS,13,23,18,1,0,0,0,0,0,0,0,4,8
586,Pedro León,26,HOU,7,21,20,2,2,0,0,0,0,2,0,1,10
587,Austin Wynns,33,CIN,7,20,19,3,7,4,0,0,2,0,0,0,5
588,Isaac Collins#,26,MIL,11,19,17,0,2,0,0,0,0,1,0,2,10
589,Jason Delay,29,PIT,7,19,15,1,3,3,0,0,6,0,0,3,0
590,Drew Waters#,25,KCR,7,19,16,2,3,1,0,0,1,0,0,2,6
591,Jorge Barrosa#,23,ARI,8,18,17,3,3,2,0,0,1,1,0,0,2
592,Bubba Thompson,26,CIN,17,18,18,5,2,1,0,0,0,5,0,0,11
593,Rafael Ortega*,33,CHW,14,17,14,4,1,0,0,0,1,2,0,2,4
594,Brett Sullivan*,30,SDP,7,17,16,1,3,0,0,1,2,0,0,1,4
595,Sam Haggerty#,30,SEA,8,16,15,1,1,0,0,0,1,1,0,1,4
596,Tyler Heineman#,33,2TM,7,16,12,2,1,0,0,0,0,0,0,3,6
596,Tyler Heineman#,33,BOS,2,3,2,0,0,0,0,0,0,0,0,0,1
596,Tyler Heineman#,33,TOR,5,13,10,2,1,0,0,0,0,0,0,3,5
597,Liván Soto*,24,2TM,13,16,13,1,3,1,0,0,0,0,0,3,3
597,Liván Soto*,24,CIN,1,3,3,0,0,0,0,0,0,0,0,0,1
597,Liván Soto*,24,BAL,12,13,10,1,3,1,0,0,0,0,0,3,2
598,Kameron Misner*,26,TBR,8,15,15,0,1,0,0,0,0,0,0,0,10
599,Carlos Narváez,25,NYY,6,15,13,0,3,0,0,0,0,0,0,2,6
600,Jakson Reetz,28,SFG,6,15,14,1,2,1,0,1,1,0,0,1,5
601,Ryan McKenna,27,2TM,13,15,14,4,3,0,0,2,2,1,1,1,5
601,Ryan McKenna,27,BAL,9,9,8,3,3,0,0,2,2,0,1,1,1
601,Ryan McKenna,27,SFG,4,6,6,1,0,0,0,0,0,1,0,0,4
602,Darren Baker*,25,WSN,9,14,14,1,7,2,0,0,0,0,0,0,3
603,Hunter Feduccia*,27,LAD,5,14,12,2,4,0,0,0,1,0,0,2,2
604,DaShawn Keirsey Jr.*,27,MIN,6,14,13,1,2,0,0,1,1,0,0,0,1
605,Luis Vázquez,24,CHC,11,14,12,2,1,0,0,0,1,0,0,0,6
606,Brandon Lockridge,27,SDP,12,12,12,4,2,0,0,1,1,2,0,0,4
607,Bryce Teodosio,25,LAA,5,12,12,1,1,0,0,0,0,0,0,0,5
608,Eddy Alvarez*,34,NYM,12,11,9,2,0,0,0,0,0,0,0,1,2
609,Levi Jordan,28,CIN,7,11,10,1,1,1,0,0,1,0,0,0,3
610,Oswald Peraza,24,NYY,4,11,10,2,2,0,0,1,1,0,0,1,3
611,Kevin Alcántara,21,CHC,3,10,10,1,1,0,0,0,0,0,0,0,1
612,Matt Duffy,33,TEX,4,10,7,2,2,0,0,0,0,0,0,2,1
613,Michael Helman,28,MIN,9,10,10,2,3,2,0,0,0,0,0,0,3
614,Tony Kemp*,32,BAL,5,10,9,1,0,0,0,0,0,0,0,1,1
615,J.P. Martínez*,28,ATL,7,10,10,2,2,1,0,0,0,1,0,0,4
616,Liover Peguero,23,PIT,3,10,10,0,2,1,0,0,2,0,0,0,3
617,Edwin Ríos*,30,CIN,5,10,9,1,1,0,0,0,0,0,0,1,4
618,Rob Brantly*,34,TBR,3,9,9,0,1,0,0,0,0,0,0,0,2
619,Vinny Capra,27,MIL,3,9,9,1,1,1,0,0,0,0,0,0,3
620,David Fletcher,30,ATL,5,9,8,0,2,0,0,0,2,0,0,0,1
621,Cade Marlowe*,27,SEA,8,9,8,1,2,0,0,0,0,0,0,1,1
622,CJ Alexander*,27,KCR,4,8,8,0,1,0,0,0,0,0,0,0,3
623,Conner Capel*,27,CIN,5,8,8,1,2,0,0,0,0,1,0,0,2
624,Diego Castillo,26,MIN,4,8,6,3,2,1,0,0,2,0,0,2,1
625,Cooper Hummel#,29,HOU,6,8,8,0,0,0,0,0,0,1,0,0,2
626,Grant Koch,27,PIT,3,8,7,1,0,0,0,0,0,0,0,1,6
627,Taylor Trammell*,26,2TM,10,8,7,2,1,0,0,0,0,0,0,1,3
627,Taylor Trammell*,26,LAD,5,6,6,0,0,0,0,0,0,0,0,0,3
627,Taylor Trammell*,26,NYY,5,2,1,2,1,0,0,0,0,0,0,1,0
628,Jair Camargo,24,MIN,5,7,6,1,0,0,0,0,0,0,0,1,3
629,Aramis Garcia,31,PHI,3,7,7,0,0,0,0,0,0,0,0,0,3
630,Dustin Harris*,24,TEX,2,7,6,1,2,1,0,1,3,0,0,1,2
631,Stone Garrett,28,WSN,2,6,5,2,3,1,0,1,3,0,0,1,0
632,Greg Jones#,26,COL,6,6,5,1,1,0,0,1,1,0,0,1,4
633,Andrew Knapp#,32,SFG,3,6,6,0,1,0,0,0,0,0,0,0,2
634,Brian Anderson,31,ATL,3,5,5,0,0,0,0,0,0,0,0,0,2
635,Sandro Fabian,26,TEX,3,5,5,0,0,0,0,0,0,0,0,0,0
636,Tyler Gentry,25,KCR,3,5,5,0,0,0,0,0,0,0,0,0,2
637,Brewer Hicklen,28,MIL,3,5,5,0,0,0,0,0,0,1,0,0,4
638,Nick Maton*,27,BAL,5,5,5,0,0,0,0,0,0,0,0,0,2
639,Samad Taylor,25,SEA,3,5,5,2,2,0,0,0,0,0,0,0,1
640,Duke Ellis*,26,2TM,11,5,5,1,1,0,0,0,0,5,0,0,2
640,Duke Ellis*,26,CHW,8,4,4,1,0,0,0,0,0,4,0,0,2
640,Duke Ellis*,26,NYY,3,1,1,0,1,0,0,0,0,1,0,0,0
641,José Devers*,24,MIA,3,4,4,1,1,0,0,0,0,0,0,0,1
642,Sam Huff,26,TEX,3,4,3,0,0,0,0,0,0,0,0,1,2
643,Myles Straw,29,CLE,7,4,4,2,1,0,0,0,0,2,0,0,0
644,Matthew Batten,29,SDP,1,3,3,0,1,0,1,0,0,0,0,0,0
645,Orelvis Martínez,22,TOR,1,3,3,0,1,0,0,0,0,0,0,0,1
646,David Bañuelos,27,BAL,1,1,1,0,0,0,0,0,0,0,0,0,0
647,Luis Castillo,31,SEA,1,1,1,0,0,0,0,0,0,0,0,0,1
648,Daniel Johnson*,28,BAL,1,1,1,1,0,0,0,0,0,0,0,0,0
649,Scott McGough,34,ARI,2,1,1,0,0,0,0,0,0,0,0,0,1
650,Chris Roller,27,MIL,1,1,1,0,0,0,0,0,0,0,0,0,1
651,Eric Yang,26,CIN,1,1,1,0,0,0,0,0,0,0,0,0,1
652,Chase Anderson,36,BOS,1,0,0,0,0,0,0,0,0,0,0,0,0
653,Pedro Avila,27,CLE,1,0,0,0,0,0,0,0,0,0,0,0,0
654,Mike Baumann,28,2TM,2,0,0,0,0,0,0,0,0,0,0,0,0
654,Mike Baumann,28,BAL,1,0,0,0,0,0,0,0,0,0,0,0,0
654,Mike Baumann,28,SEA,1,0,0,0,0,0,0,0,0,0,0,0,0
655,Jalen Beeks*,30,COL,2,0,0,0,0,0,0,0,0,0,0,0,0
656,Brennan Bernardino*,32,BOS,1,0,0,0,0,0,0,0,0,0,0,0,0
657,John Brebbia*,34,CHW,1,0,0,0,0,0,0,0,0,0,0,0,0
658,Jhony Brito,26,SDP,1,0,0,0,0,0,0,0,0,0,0,0,0
659,Kris Bubic*,26,KCR,1,0,0,0,0,0,0,0,0,0,0,0,0
660,Génesis Cabrera*,27,TOR,1,0,0,0,0,0,0,0,0,0,0,0,0
661,Isaiah Campbell,26,BOS,2,0,0,0,0,0,0,0,0,0,0,0,0
662,Danny Coulombe*,34,BAL,1,0,0,0,0,0,0,0,0,0,0,0,0
663,Jeff Criswell,25,COL,1,0,0,0,0,0,0,0,0,0,0,0,0
664,Fernando Cruz#,34,CIN,1,0,0,0,0,0,0,0,0,0,0,0,0
665,Alexis Díaz,27,CIN,1,0,0,0,0,0,0,0,0,0,0,0,0
666,Edwin Díaz,30,NYM,1,0,0,0,0,0,0,0,0,0,0,0,0
667,Jake Diekman,37,NYM,1,0,0,0,0,0,0,0,0,0,0,0,0
668,Seranthony Domínguez,29,BAL,1,0,0,0,0,0,0,0,0,0,0,0,0
669,Mason Englert#,24,DET,1,0,0,0,0,0,0,0,0,0,0,0,0
670,Buck Farmer*,33,CIN,1,0,0,0,0,0,0,0,0,0,0,0,0
671,Ryan Fernandez,26,STL,2,0,0,0,0,0,0,0,0,0,0,0,0
672,Kyle Finnegan,32,WSN,1,0,0,0,0,0,0,0,0,0,0,0,0
673,Jason Foley,28,DET,1,0,0,0,0,0,0,0,0,0,0,0,0
674,Kyle Freeland*,31,COL,2,0,0,0,0,0,0,0,0,0,0,0,0
675,Luis Frías,26,ARI,1,0,0,0,0,0,0,0,0,0,0,0,0
676,Hunter Gaddis,26,CLE,1,0,0,0,0,0,0,0,0,0,0,0,0
677,Kevin Ginkel*,30,ARI,2,0,0,0,0,0,0,0,0,0,0,0,0
678,Chad Green*,33,TOR,1,0,0,0,0,0,0,0,0,0,0,0,0
679,Josh Hader*,30,HOU,3,0,0,0,0,0,0,0,0,0,0,0,0
680,Seth Halvorsen,24,COL,1,0,0,0,0,0,0,0,0,0,0,0,0
681,Hunter Harvey,29,KCR,1,0,0,0,0,0,0,0,0,0,0,0,0
682,Jonathan Heasley,27,BAL,1,0,0,0,0,0,0,0,0,0,0,0,0
683,Ryan Helsley,29,STL,2,0,0,0,0,0,0,0,0,0,0,0,0
684,Kevin Herget*,33,MIL,1,0,0,0,0,0,0,0,0,0,0,0,0
685,Jonathan Hernández,27,TEX,1,0,0,0,0,0,0,0,0,0,0,0,0
686,Porter Hodge,23,CHC,1,0,0,0,0,0,0,0,0,0,0,0,0
687,Spencer Howard,27,CLE,1,0,0,0,0,0,0,0,0,0,0,0,0
688,Joe Hudson,33,NYM,1,0,0,0,0,0,0,0,0,0,0,0,0
689,Kenley Jansen#,36,BOS,1,0,0,0,0,0,0,0,0,0,0,0,0
690,Bryce Jarvis*,26,ARI,2,0,0,0,0,0,0,0,0,0,0,0,0
691,Craig Kimbrel,36,BAL,1,0,0,0,0,0,0,0,0,0,0,0,0
692,Bryan King,27,HOU,1,0,0,0,0,0,0,0,0,0,0,0,0
693,John King*,29,STL,1,0,0,0,0,0,0,0,0,0,0,0,0
694,Tyler Kinley,33,COL,2,0,0,0,0,0,0,0,0,0,0,0,0
695,Andrew Kittredge,34,STL,1,0,0,0,0,0,0,0,0,0,0,0,0
696,Matt Koch*,33,COL,1,0,0,0,0,0,0,0,0,0,0,0,0
697,Michael Kopech,28,CHW,1,0,0,0,0,0,0,0,0,0,0,0,0
698,Peter Lambert,27,COL,1,0,0,0,0,0,0,0,0,0,0,0,0
699,Jacob Latz,28,TEX,1,0,0,0,0,0,0,0,0,0,0,0,0
700,Derek Law,33,WSN,1,0,0,0,0,0,0,0,0,0,0,0,0
701,Justin Lawrence,29,COL,2,0,0,0,0,0,0,0,0,0,0,0,0
702,Kyle Leahy#,27,STL,1,0,0,0,0,0,0,0,0,0,0,0,0
703,José Leclerc,30,TEX,1,0,0,0,0,0,0,0,0,0,0,0,0
704,Jorge López,31,NYM,1,0,0,0,0,0,0,0,0,0,0,0,0
705,Joe Mantiply,33,ARI,1,0,0,0,0,0,0,0,0,0,0,0,0
706,Chris Martin,38,BOS,2,0,0,0,0,0,0,0,0,0,0,0,0
707,Justin Martínez,22,ARI,2,0,0,0,0,0,0,0,0,0,0,0,0
708,James McArthur,27,KCR,2,0,0,0,0,0,0,0,0,0,0,0,0
709,Nick Mears,27,COL,1,0,0,0,0,0,0,0,0,0,0,0,0
710,Trevor Megill*,30,MIL,1,0,0,0,0,0,0,0,0,0,0,0,0
711,Julian Merryweather,32,CHC,1,0,0,0,0,0,0,0,0,0,0,0,0
712,Hoby Milner*,33,MIL,1,0,0,0,0,0,0,0,0,0,0,0,0
713,Héctor Neris,35,CHC,1,0,0,0,0,0,0,0,0,0,0,0,0
714,Joel Payamps,30,MIL,1,0,0,0,0,0,0,0,0,0,0,0,0
715,Elvis Peguero,27,MIL,1,0,0,0,0,0,0,0,0,0,0,0,0
716,Zach Penrod*,27,BOS,1,0,0,0,0,0,0,0,0,0,0,0,0
717,Ryan Pressly,35,HOU,2,0,0,0,0,0,0,0,0,0,0,0,0
718,A.J. Puk*,29,ARI,1,0,0,0,0,0,0,0,0,0,0,0,0
719,José Quijada*,28,LAA,1,0,0,0,0,0,0,0,0,0,0,0,0
720,David Robertson,39,TEX,2,0,0,0,0,0,0,0,0,0,0,0,0
721,Yerry Rodríguez,26,TEX,1,0,0,0,0,0,0,0,0,0,0,0,0
722,JoJo Romero*,27,STL,1,0,0,0,0,0,0,0,0,0,0,0,0
723,Paul Sewald,34,ARI,1,0,0,0,0,0,0,0,0,0,0,0,0
724,Chase Shugart*,27,BOS,1,0,0,0,0,0,0,0,0,0,0,0,0
725,Lucas Sims,30,CIN,1,0,0,0,0,0,0,0,0,0,0,0,0
726,Kevin Smith,27,NYY,2,0,0,0,0,0,0,0,0,0,0,0,0
727,Ryne Stanek,32,SEA,1,0,0,0,0,0,0,0,0,0,0,0,0
728,Albert Suárez,34,BAL,1,0,0,0,0,0,0,0,0,0,0,0,0
729,Ryan Thompson,32,ARI,1,0,0,0,0,0,0,0,0,0,0,0,0
730,Trent Thornton,30,SEA,1,0,0,0,0,0,0,0,0,0,0,0,0
731,José Ureña,32,TEX,2,0,0,0,0,0,0,0,0,0,0,0,0
732,Victor Vodnik,24,COL,1,0,0,0,0,0,0,0,0,0,0,0,0
733,Austin Voth,32,SEA,1,0,0,0,0,0,0,0,0,0,0,0,0
734,Jacob Webb,30,BAL,1,0,0,0,0,0,0,0,0,0,0,0,0
735,Mitch White,29,MIL,1,0,0,0,0,0,0,0,0,0,0,0,0
736,Owen White,24,TEX,1,0,0,0,0,0,0,0,0,0,0,0,0
737,Justin Wilson*,36,CIN,1,0,0,0,0,0,0,0,0,0,0,0,0
738,Josh Winckowski,26,BOS,1,0,0,0,0,0,0,0,0,0,0,0,0
739,Kirby Yates*,37,TEX,3,0,0,0,0,0,0,0,0,0,0,0,0
740,Alex Young*,30,CIN,1,0,0,0,0,0,0,0,0,0,0,0,0
741,Guillo Zuñiga,25,LAA,1,0,0,0,0,0,0,0,0,0,0,0,0