player_name,opening_odds,previous_odds,current_odds,opening_timestamp,previous_timestamp,current_timestamp,total_runs,session_high,session_low,movement_from_previous,movement_from_opening,previous_delta,opening_delta,previous_delta_display,opening_delta_display,trend_direction,favorable_vs_previous,favorable_vs_opening
Shohei Ohtani,+210,+210,+210,2025-06-13T16:32:29.372265,2025-06-13T16:32:29.372265,2025-06-13T16:32:29.372265,1,+210,+210,NEW,NEW,0,0,NEW,NEW,none,neutral,neutral
Matt Olson,+220,+220,+220,2025-06-13T16:32:29.372265,2025-06-13T16:32:29.372265,2025-06-13T16:32:29.372265,1,+220,+220,NEW,NEW,0,0,NEW,NEW,none,neutral,neutral
Ronald Acuna Jr.,+230,+230,+230,2025-06-13T16:32:29.372265,2025-06-13T16:32:29.372265,2025-06-13T16:32:29.372265,1,+230,+230,NEW,NEW,0,0,NEW,NEW,none,neutral,neutral
Byron Buxton,+275,+275,+275,2025-06-13T16:32:29.372265,2025-06-13T16:32:29.372265,2025-06-13T16:32:29.372265,1,+275,+275,NEW,NEW,0,0,NEW,NEW,none,neutral,neutral
Aaron Judge,+275,+275,+275,2025-06-13T16:32:29.372265,2025-06-13T16:32:29.372265,2025-06-13T16:32:29.372265,1,+275,+275,NEW,NEW,0,0,NEW,NEW,none,neutral,neutral
Cal Raleigh,+280,+280,+280,2025-06-13T16:32:29.372265,2025-06-13T16:32:29.372265,2025-06-13T16:32:29.372265,1,+280,+280,NEW,NEW,0,0,NEW,NEW,none,neutral,neutral
Corey Seager,+310,+310,+310,2025-06-13T16:32:29.372265,2025-06-13T16:32:29.372265,2025-06-13T16:32:29.372265,1,+310,+310,NEW,NEW,0,0,NEW,NEW,none,neutral,neutral
Austin Riley,+310,+310,+310,2025-06-13T16:32:29.372265,2025-06-13T16:32:29.372265,2025-06-13T16:32:29.372265,1,+310,+310,NEW,NEW,0,0,NEW,NEW,none,neutral,neutral
Marcell Ozuna,+310,+310,+310,2025-06-13T16:32:29.372265,2025-06-13T16:32:29.372265,2025-06-13T16:32:29.372265,1,+310,+310,NEW,NEW,0,0,NEW,NEW,none,neutral,neutral
Pete Alonso,+310,+310,+310,2025-06-13T16:32:29.372265,2025-06-13T16:32:29.372265,2025-06-13T16:32:29.372265,1,+310,+310,NEW,NEW,0,0,NEW,NEW,none,neutral,neutral
Christian Walker,+320,+320,+320,2025-06-13T16:32:29.372265,2025-06-13T16:32:29.372265,2025-06-13T16:32:29.372265,1,+320,+320,NEW,NEW,0,0,NEW,NEW,none,neutral,neutral
Kyle Schwarber,+320,+320,+320,2025-06-13T16:32:29.372265,2025-06-13T16:32:29.372265,2025-06-13T16:32:29.372265,1,+320,+320,NEW,NEW,0,0,NEW,NEW,none,neutral,neutral
Gunnar Henderson,+320,+320,+320,2025-06-13T16:32:29.372265,2025-06-13T16:32:29.372265,2025-06-13T16:32:29.372265,1,+320,+320,NEW,NEW,0,0,NEW,NEW,none,neutral,neutral
Agustin Ramirez,+370,+370,+370,2025-06-13T16:32:29.372265,2025-06-13T16:32:29.372265,2025-06-13T16:32:29.372265,1,+370,+370,NEW,NEW,0,0,NEW,NEW,none,neutral,neutral
Carlos Correa,+380,+380,+380,2025-06-13T16:32:29.372265,2025-06-13T16:32:29.372265,2025-06-13T16:32:29.372265,1,+380,+380,NEW,NEW,0,0,NEW,NEW,none,neutral,neutral
Mike Trout,+380,+380,+380,2025-06-13T16:32:29.372265,2025-06-13T16:32:29.372265,2025-06-13T16:32:29.372265,1,+380,+380,NEW,NEW,0,0,NEW,NEW,none,neutral,neutral
Brent Rooker,+380,+380,+380,2025-06-13T16:32:29.372265,2025-06-13T16:32:29.372265,2025-06-13T16:32:29.372265,1,+380,+380,NEW,NEW,0,0,NEW,NEW,none,neutral,neutral
Jose Ramirez,+390,+390,+390,2025-06-13T16:32:29.372265,2025-06-13T16:32:29.372265,2025-06-13T16:32:29.372265,1,+390,+390,NEW,NEW,0,0,NEW,NEW,none,neutral,neutral
Corbin Carroll,+390,+390,+390,2025-06-13T16:32:29.372265,2025-06-13T16:32:29.372265,2025-06-13T16:32:29.372265,1,+390,+390,NEW,NEW,0,0,NEW,NEW,none,neutral,neutral
Rhys Hoskins,+390,+390,+390,2025-06-13T16:32:29.372265,2025-06-13T16:32:29.372265,2025-06-13T16:32:29.372265,1,+390,+390,NEW,NEW,0,0,NEW,NEW,none,neutral,neutral
Sean Murphy,+400,+400,+400,2025-06-13T16:32:29.372265,2025-06-13T16:32:29.372265,2025-06-13T16:32:29.372265,1,+400,+400,NEW,NEW,0,0,NEW,NEW,none,neutral,neutral
Jackson Merrill,+400,+400,+400,2025-06-13T16:32:29.372265,2025-06-13T16:32:29.372265,2025-06-13T16:32:29.372265,1,+400,+400,NEW,NEW,0,0,NEW,NEW,none,neutral,neutral
Manny Machado,+400,+400,+400,2025-06-13T16:32:29.372265,2025-06-13T16:32:29.372265,2025-06-13T16:32:29.372265,1,+400,+400,NEW,NEW,0,0,NEW,NEW,none,neutral,neutral
James Wood,+400,+400,+400,2025-06-13T16:32:29.372265,2025-06-13T16:32:29.372265,2025-06-13T16:32:29.372265,1,+400,+400,NEW,NEW,0,0,NEW,NEW,none,neutral,neutral
Ryan Jeffers,+400,+400,+400,2025-06-13T16:32:29.372265,2025-06-13T16:32:29.372265,2025-06-13T16:32:29.372265,1,+400,+400,NEW,NEW,0,0,NEW,NEW,none,neutral,neutral
Jake Burger,+425,+425,+425,2025-06-13T16:32:29.372265,2025-06-13T16:32:29.372265,2025-06-13T16:32:29.372265,1,+425,+425,NEW,NEW,0,0,NEW,NEW,none,neutral,neutral
Willson Contreras,+450,+450,+450,2025-06-13T16:32:29.372265,2025-06-13T16:32:29.372265,2025-06-13T16:32:29.372265,1,+450,+450,NEW,NEW,0,0,NEW,NEW,none,neutral,neutral
Wyatt Langford,+450,+450,+450,2025-06-13T16:32:29.372265,2025-06-13T16:32:29.372265,2025-06-13T16:32:29.372265,1,+450,+450,NEW,NEW,0,0,NEW,NEW,none,neutral,neutral
Lars Nootbaar,+450,+450,+450,2025-06-13T16:32:29.372265,2025-06-13T16:32:29.372265,2025-06-13T16:32:29.372265,1,+450,+450,NEW,NEW,0,0,NEW,NEW,none,neutral,neutral
Hunter Goodman,+450,+450,+450,2025-06-13T16:32:29.372265,2025-06-13T16:32:29.372265,2025-06-13T16:32:29.372265,1,+450,+450,NEW,NEW,0,0,NEW,NEW,none,neutral,neutral
Jorge Polanco,+450,+450,+450,2025-06-13T16:32:29.372265,2025-06-13T16:32:29.372265,2025-06-13T16:32:29.372265,1,+450,+450,NEW,NEW,0,0,NEW,NEW,none,neutral,neutral
Juan Soto,+450,+450,+450,2025-06-13T16:32:29.372265,2025-06-13T16:32:29.372265,2025-06-13T16:32:29.372265,1,+450,+450,NEW,NEW,0,0,NEW,NEW,none,neutral,neutral
Eric Wagaman,+450,+450,+450,2025-06-13T16:32:29.372265,2025-06-13T16:32:29.372265,2025-06-13T16:32:29.372265,1,+450,+450,NEW,NEW,0,0,NEW,NEW,none,neutral,neutral
Christian Yelich,+450,+450,+450,2025-06-13T16:32:29.372265,2025-06-13T16:32:29.372265,2025-06-13T16:32:29.372265,1,+450,+450,NEW,NEW,0,0,NEW,NEW,none,neutral,neutral
Max Muncy (LAD),+450,+450,+450,2025-06-13T16:32:29.372265,2025-06-13T16:32:29.372265,2025-06-13T16:32:29.372265,1,+450,+450,NEW,NEW,0,0,NEW,NEW,none,neutral,neutral
CJ Abrams,+450,+450,+450,2025-06-13T16:32:29.372265,2025-06-13T16:32:29.372265,2025-06-13T16:32:29.372265,1,+450,+450,NEW,NEW,0,0,NEW,NEW,none,neutral,neutral
Spencer Torkelson,+450,+450,+450,2025-06-13T16:32:29.372265,2025-06-13T16:32:29.372265,2025-06-13T16:32:29.372265,1,+450,+450,NEW,NEW,0,0,NEW,NEW,none,neutral,neutral
Freddie Freeman,+450,+450,+450,2025-06-13T16:32:29.372265,2025-06-13T16:32:29.372265,2025-06-13T16:32:29.372265,1,+450,+450,NEW,NEW,0,0,NEW,NEW,none,neutral,neutral
William Contreras,+450,+450,+450,2025-06-13T16:32:29.372265,2025-06-13T16:32:29.372265,2025-06-13T16:32:29.372265,1,+450,+450,NEW,NEW,0,0,NEW,NEW,none,neutral,neutral
Adley Rutschman,+475,+475,+475,2025-06-13T16:32:29.372265,2025-06-13T16:32:29.372265,2025-06-13T16:32:29.372265,1,+475,+475,NEW,NEW,0,0,NEW,NEW,none,neutral,neutral
Matt Wallner,+475,+475,+475,2025-06-13T16:32:29.372265,2025-06-13T16:32:29.372265,2025-06-13T16:32:29.372265,1,+475,+475,NEW,NEW,0,0,NEW,NEW,none,neutral,neutral
Kyle Manzardo,+475,+475,+475,2025-06-13T16:32:29.372265,2025-06-13T16:32:29.372265,2025-06-13T16:32:29.372265,1,+475,+475,NEW,NEW,0,0,NEW,NEW,none,neutral,neutral
Yainer Diaz,+475,+475,+475,2025-06-13T16:32:29.372265,2025-06-13T16:32:29.372265,2025-06-13T16:32:29.372265,1,+475,+475,NEW,NEW,0,0,NEW,NEW,none,neutral,neutral
Connor Norby,+475,+475,+475,2025-06-13T16:32:29.372265,2025-06-13T16:32:29.372265,2025-06-13T16:32:29.372265,1,+475,+475,NEW,NEW,0,0,NEW,NEW,none,neutral,neutral
Kerry Carpenter,+475,+475,+475,2025-06-13T16:32:29.372265,2025-06-13T16:32:29.372265,2025-06-13T16:32:29.372265,1,+475,+475,NEW,NEW,0,0,NEW,NEW,none,neutral,neutral
Riley Greene,+475,+475,+475,2025-06-13T16:32:29.372265,2025-06-13T16:32:29.372265,2025-06-13T16:32:29.372265,1,+475,+475,NEW,NEW,0,0,NEW,NEW,none,neutral,neutral
Brandon Nimmo,+475,+475,+475,2025-06-13T16:32:29.372265,2025-06-13T16:32:29.372265,2025-06-13T16:32:29.372265,1,+475,+475,NEW,NEW,0,0,NEW,NEW,none,neutral,neutral
Dominic Canzone,+475,+475,+475,2025-06-13T16:32:29.372265,2025-06-13T16:32:29.372265,2025-06-13T16:32:29.372265,1,+475,+475,NEW,NEW,0,0,NEW,NEW,none,neutral,neutral
Max Kepler,+475,+475,+475,2025-06-13T16:32:29.372265,2025-06-13T16:32:29.372265,2025-06-13T16:32:29.372265,1,+475,+475,NEW,NEW,0,0,NEW,NEW,none,neutral,neutral
Francisco Lindor,+475,+475,+475,2025-06-13T16:32:29.372265,2025-06-13T16:32:29.372265,2025-06-13T16:32:29.372265,1,+475,+475,NEW,NEW,0,0,NEW,NEW,none,neutral,neutral
Josh Bell,+475,+475,+475,2025-06-13T16:32:29.372265,2025-06-13T16:32:29.372265,2025-06-13T16:32:29.372265,1,+475,+475,NEW,NEW,0,0,NEW,NEW,none,neutral,neutral
Heliot Ramos,+475,+475,+475,2025-06-13T16:32:29.372265,2025-06-13T16:32:29.372265,2025-06-13T16:32:29.372265,1,+475,+475,NEW,NEW,0,0,NEW,NEW,none,neutral,neutral
Nick Castellanos,+500,+500,+500,2025-06-13T16:32:29.372265,2025-06-13T16:32:29.372265,2025-06-13T16:32:29.372265,1,+500,+500,NEW,NEW,0,0,NEW,NEW,none,neutral,neutral
Carlos Santana,+500,+500,+500,2025-06-13T16:32:29.372265,2025-06-13T16:32:29.372265,2025-06-13T16:32:29.372265,1,+500,+500,NEW,NEW,0,0,NEW,NEW,none,neutral,neutral
Ty France,+500,+500,+500,2025-06-13T16:32:29.372265,2025-06-13T16:32:29.372265,2025-06-13T16:32:29.372265,1,+500,+500,NEW,NEW,0,0,NEW,NEW,none,neutral,neutral
Royce Lewis,+500,+500,+500,2025-06-13T16:32:29.372265,2025-06-13T16:32:29.372265,2025-06-13T16:32:29.372265,1,+500,+500,NEW,NEW,0,0,NEW,NEW,none,neutral,neutral
Andy Pages,+500,+500,+500,2025-06-13T16:32:29.372265,2025-06-13T16:32:29.372265,2025-06-13T16:32:29.372265,1,+500,+500,NEW,NEW,0,0,NEW,NEW,none,neutral,neutral
Eugenio Suarez,+500,+500,+500,2025-06-13T16:32:29.372265,2025-06-13T16:32:29.372265,2025-06-13T16:32:29.372265,1,+500,+500,NEW,NEW,0,0,NEW,NEW,none,neutral,neutral
Michael Harris,+500,+500,+500,2025-06-13T16:32:29.372265,2025-06-13T16:32:29.372265,2025-06-13T16:32:29.372265,1,+500,+500,NEW,NEW,0,0,NEW,NEW,none,neutral,neutral
Ozzie Albies,+500,+500,+500,2025-06-13T16:32:29.372265,2025-06-13T16:32:29.372265,2025-06-13T16:32:29.372265,1,+500,+500,NEW,NEW,0,0,NEW,NEW,none,neutral,neutral
Fernando Tatis Jr.,+500,+500,+500,2025-06-13T16:32:29.372265,2025-06-13T16:32:29.372265,2025-06-13T16:32:29.372265,1,+500,+500,NEW,NEW,0,0,NEW,NEW,none,neutral,neutral
Julio Rodriguez,+500,+500,+500,2025-06-13T16:32:29.372265,2025-06-13T16:32:29.372265,2025-06-13T16:32:29.372265,1,+500,+500,NEW,NEW,0,0,NEW,NEW,none,neutral,neutral
Kyle Stowers,+500,+500,+500,2025-06-13T16:32:29.372265,2025-06-13T16:32:29.372265,2025-06-13T16:32:29.372265,1,+500,+500,NEW,NEW,0,0,NEW,NEW,none,neutral,neutral
Bo Naylor,+500,+500,+500,2025-06-13T16:32:29.372265,2025-06-13T16:32:29.372265,2025-06-13T16:32:29.372265,1,+500,+500,NEW,NEW,0,0,NEW,NEW,none,neutral,neutral
Junior Caminero,+500,+500,+500,2025-06-13T16:32:29.372265,2025-06-13T16:32:29.372265,2025-06-13T16:32:29.372265,1,+500,+500,NEW,NEW,0,0,NEW,NEW,none,neutral,neutral
Tyler Soderstrom,+500,+500,+500,2025-06-13T16:32:29.372265,2025-06-13T16:32:29.372265,2025-06-13T16:32:29.372265,1,+500,+500,NEW,NEW,0,0,NEW,NEW,none,neutral,neutral
Rafael Devers,+500,+500,+500,2025-06-13T16:32:29.372265,2025-06-13T16:32:29.372265,2025-06-13T16:32:29.372265,1,+500,+500,NEW,NEW,0,0,NEW,NEW,none,neutral,neutral
Paul Goldschmidt,+500,+500,+500,2025-06-13T16:32:29.372265,2025-06-13T16:32:29.372265,2025-06-13T16:32:29.372265,1,+500,+500,NEW,NEW,0,0,NEW,NEW,none,neutral,neutral
Lawrence Butler,+500,+500,+500,2025-06-13T16:32:29.372265,2025-06-13T16:32:29.372265,2025-06-13T16:32:29.372265,1,+500,+500,NEW,NEW,0,0,NEW,NEW,none,neutral,neutral
Ben Rice,+500,+500,+500,2025-06-13T16:32:29.372265,2025-06-13T16:32:29.372265,2025-06-13T16:32:29.372265,1,+500,+500,NEW,NEW,0,0,NEW,NEW,none,neutral,neutral
Jackson Chourio,+500,+500,+500,2025-06-13T16:32:29.372265,2025-06-13T16:32:29.372265,2025-06-13T16:32:29.372265,1,+500,+500,NEW,NEW,0,0,NEW,NEW,none,neutral,neutral
Christian Encarnacion-Strand,+500,+500,+500,2025-06-13T16:32:29.372265,2025-06-13T16:32:29.372265,2025-06-13T16:32:29.372265,1,+500,+500,NEW,NEW,0,0,NEW,NEW,none,neutral,neutral
Bobby Witt Jr.,+500,+500,+500,2025-06-13T16:32:29.372265,2025-06-13T16:32:29.372265,2025-06-13T16:32:29.372265,1,+500,+500,NEW,NEW,0,0,NEW,NEW,none,neutral,neutral
George Springer,+550,+550,+550,2025-06-13T16:32:29.372265,2025-06-13T16:32:29.372265,2025-06-13T16:32:29.372265,1,+550,+550,NEW,NEW,0,0,NEW,NEW,none,neutral,neutral
Daniel Schneemann,+550,+550,+550,2025-06-13T16:32:29.372265,2025-06-13T16:32:29.372265,2025-06-13T16:32:29.372265,1,+550,+550,NEW,NEW,0,0,NEW,NEW,none,neutral,neutral
Nolan Gorman,+550,+550,+550,2025-06-13T16:32:29.372265,2025-06-13T16:32:29.372265,2025-06-13T16:32:29.372265,1,+550,+550,NEW,NEW,0,0,NEW,NEW,none,neutral,neutral
Michael Conforto,+550,+550,+550,2025-06-13T16:32:29.372265,2025-06-13T16:32:29.372265,2025-06-13T16:32:29.372265,1,+550,+550,NEW,NEW,0,0,NEW,NEW,none,neutral,neutral
Jacob Melton,+550,+550,+550,2025-06-13T16:32:29.372265,2025-06-13T16:32:29.372265,2025-06-13T16:32:29.372265,1,+550,+550,NEW,NEW,0,0,NEW,NEW,none,neutral,neutral
Alec Burleson,+550,+550,+550,2025-06-13T16:32:29.372265,2025-06-13T16:32:29.372265,2025-06-13T16:32:29.372265,1,+550,+550,NEW,NEW,0,0,NEW,NEW,none,neutral,neutral
Brandon Lowe,+550,+550,+550,2025-06-13T16:32:29.372265,2025-06-13T16:32:29.372265,2025-06-13T16:32:29.372265,1,+550,+550,NEW,NEW,0,0,NEW,NEW,none,neutral,neutral
Jo Adell,+550,+550,+550,2025-06-13T16:32:29.372265,2025-06-13T16:32:29.372265,2025-06-13T16:32:29.372265,1,+550,+550,NEW,NEW,0,0,NEW,NEW,none,neutral,neutral
Harrison Bader,+550,+550,+550,2025-06-13T16:32:29.372265,2025-06-13T16:32:29.372265,2025-06-13T16:32:29.372265,1,+550,+550,NEW,NEW,0,0,NEW,NEW,none,neutral,neutral
Marcus Semien,+550,+550,+550,2025-06-13T16:32:29.372265,2025-06-13T16:32:29.372265,2025-06-13T16:32:29.372265,1,+550,+550,NEW,NEW,0,0,NEW,NEW,none,neutral,neutral
Adolis Garcia,+550,+550,+550,2025-06-13T16:32:29.372265,2025-06-13T16:32:29.372265,2025-06-13T16:32:29.372265,1,+550,+550,NEW,NEW,0,0,NEW,NEW,none,neutral,neutral
Ketel Marte,+550,+550,+550,2025-06-13T16:32:29.372265,2025-06-13T16:32:29.372265,2025-06-13T16:32:29.372265,1,+550,+550,NEW,NEW,0,0,NEW,NEW,none,neutral,neutral
Logan O'Hoppe,+550,+550,+550,2025-06-13T16:32:29.372265,2025-06-13T16:32:29.372265,2025-06-13T16:32:29.372265,1,+550,+550,NEW,NEW,0,0,NEW,NEW,none,neutral,neutral
Bo Bichette,+550,+550,+550,2025-06-13T16:32:29.372265,2025-06-13T16:32:29.372265,2025-06-13T16:32:29.372265,1,+550,+550,NEW,NEW,0,0,NEW,NEW,none,neutral,neutral
Randy Arozarena,+550,+550,+550,2025-06-13T16:32:29.372265,2025-06-13T16:32:29.372265,2025-06-13T16:32:29.372265,1,+550,+550,NEW,NEW,0,0,NEW,NEW,none,neutral,neutral
Vladimir Guerrero Jr.,+550,+550,+550,2025-06-13T16:32:29.372265,2025-06-13T16:32:29.372265,2025-06-13T16:32:29.372265,1,+550,+550,NEW,NEW,0,0,NEW,NEW,none,neutral,neutral
Lane Thomas,+550,+550,+550,2025-06-13T16:32:29.372265,2025-06-13T16:32:29.372265,2025-06-13T16:32:29.372265,1,+550,+550,NEW,NEW,0,0,NEW,NEW,none,neutral,neutral
Ivan Herrera,+550,+550,+550,2025-06-13T16:32:29.372265,2025-06-13T16:32:29.372265,2025-06-13T16:32:29.372265,1,+550,+550,NEW,NEW,0,0,NEW,NEW,none,neutral,neutral
Heriberto Hernandez,+550,+550,+550,2025-06-13T16:32:29.372265,2025-06-13T16:32:29.372265,2025-06-13T16:32:29.372265,1,+550,+550,NEW,NEW,0,0,NEW,NEW,none,neutral,neutral
Luis Robert,+550,+550,+550,2025-06-13T16:32:29.372265,2025-06-13T16:32:29.372265,2025-06-13T16:32:29.372265,1,+550,+550,NEW,NEW,0,0,NEW,NEW,none,neutral,neutral
Miguel Vargas,+550,+550,+550,2025-06-13T16:32:29.372265,2025-06-13T16:32:29.372265,2025-06-13T16:32:29.372265,1,+550,+550,NEW,NEW,0,0,NEW,NEW,none,neutral,neutral
Willy Adames,+550,+550,+550,2025-06-13T16:32:29.372265,2025-06-13T16:32:29.372265,2025-06-13T16:32:29.372265,1,+550,+550,NEW,NEW,0,0,NEW,NEW,none,neutral,neutral
Mickey Moniak,+550,+550,+550,2025-06-13T16:32:29.372265,2025-06-13T16:32:29.372265,2025-06-13T16:32:29.372265,1,+550,+550,NEW,NEW,0,0,NEW,NEW,none,neutral,neutral
Andrew Benintendi,+550,+550,+550,2025-06-13T16:32:29.372265,2025-06-13T16:32:29.372265,2025-06-13T16:32:29.372265,1,+550,+550,NEW,NEW,0,0,NEW,NEW,none,neutral,neutral
Ryan McMahon,+550,+550,+550,2025-06-13T16:32:29.372265,2025-06-13T16:32:29.372265,2025-06-13T16:32:29.372265,1,+550,+550,NEW,NEW,0,0,NEW,NEW,none,neutral,neutral
J.T. Realmuto,+550,+550,+550,2025-06-13T16:32:29.372265,2025-06-13T16:32:29.372265,2025-06-13T16:32:29.372265,1,+550,+550,NEW,NEW,0,0,NEW,NEW,none,neutral,neutral
Jackson Holliday,+550,+550,+550,2025-06-13T16:32:29.372265,2025-06-13T16:32:29.372265,2025-06-13T16:32:29.372265,1,+550,+550,NEW,NEW,0,0,NEW,NEW,none,neutral,neutral
Mookie Betts,+600,+600,+600,2025-06-13T16:32:29.372265,2025-06-13T16:32:29.372265,2025-06-13T16:32:29.372265,1,+600,+600,NEW,NEW,0,0,NEW,NEW,none,neutral,neutral
Trea Turner,+600,+600,+600,2025-06-13T16:32:29.372265,2025-06-13T16:32:29.372265,2025-06-13T16:32:29.372265,1,+600,+600,NEW,NEW,0,0,NEW,NEW,none,neutral,neutral
Carlos Narvaez,+600,+600,+600,2025-06-13T16:32:29.372265,2025-06-13T16:32:29.372265,2025-06-13T16:32:29.372265,1,+600,+600,NEW,NEW,0,0,NEW,NEW,none,neutral,neutral
Zach Neto,+600,+600,+600,2025-06-13T16:32:29.372265,2025-06-13T16:32:29.372265,2025-06-13T16:32:29.372265,1,+600,+600,NEW,NEW,0,0,NEW,NEW,none,neutral,neutral
Josh Smith,+600,+600,+600,2025-06-13T16:32:29.372265,2025-06-13T16:32:29.372265,2025-06-13T16:32:29.372265,1,+600,+600,NEW,NEW,0,0,NEW,NEW,none,neutral,neutral
Brandon Marsh,+600,+600,+600,2025-06-13T16:32:29.372265,2025-06-13T16:32:29.372265,2025-06-13T16:32:29.372265,1,+600,+600,NEW,NEW,0,0,NEW,NEW,none,neutral,neutral
Dane Myers,+600,+600,+600,2025-06-13T16:32:29.372265,2025-06-13T16:32:29.372265,2025-06-13T16:32:29.372265,1,+600,+600,NEW,NEW,0,0,NEW,NEW,none,neutral,neutral
Trevor Story,+600,+600,+600,2025-06-13T16:32:29.372265,2025-06-13T16:32:29.372265,2025-06-13T16:32:29.372265,1,+600,+600,NEW,NEW,0,0,NEW,NEW,none,neutral,neutral
Mike Tauchman,+600,+600,+600,2025-06-13T16:32:29.372265,2025-06-13T16:32:29.372265,2025-06-13T16:32:29.372265,1,+600,+600,NEW,NEW,0,0,NEW,NEW,none,neutral,neutral
Nathaniel Lowe,+600,+600,+600,2025-06-13T16:32:29.372265,2025-06-13T16:32:29.372265,2025-06-13T16:32:29.372265,1,+600,+600,NEW,NEW,0,0,NEW,NEW,none,neutral,neutral
Teoscar Hernandez,+600,+600,+600,2025-06-13T16:32:29.372265,2025-06-13T16:32:29.372265,2025-06-13T16:32:29.372265,1,+600,+600,NEW,NEW,0,0,NEW,NEW,none,neutral,neutral
Salvador Perez,+600,+600,+600,2025-06-13T16:32:29.372265,2025-06-13T16:32:29.372265,2025-06-13T16:32:29.372265,1,+600,+600,NEW,NEW,0,0,NEW,NEW,none,neutral,neutral
Rowdy Tellez,+600,+600,+600,2025-06-13T16:32:29.372265,2025-06-13T16:32:29.372265,2025-06-13T16:32:29.372265,1,+600,+600,NEW,NEW,0,0,NEW,NEW,none,neutral,neutral
Ryan O'Hearn,+600,+600,+600,2025-06-13T16:32:29.372265,2025-06-13T16:32:29.372265,2025-06-13T16:32:29.372265,1,+600,+600,NEW,NEW,0,0,NEW,NEW,none,neutral,neutral
Jeremy Pena,+600,+600,+600,2025-06-13T16:32:29.372265,2025-06-13T16:32:29.372265,2025-06-13T16:32:29.372265,1,+600,+600,NEW,NEW,0,0,NEW,NEW,none,neutral,neutral
Masyn Winn,+650,+650,+650,2025-06-13T16:32:29.372265,2025-06-13T16:32:29.372265,2025-06-13T16:32:29.372265,1,+650,+650,NEW,NEW,0,0,NEW,NEW,none,neutral,neutral
Elly De La Cruz,+650,+650,+650,2025-06-13T16:32:29.372265,2025-06-13T16:32:29.372265,2025-06-13T16:32:29.372265,1,+650,+650,NEW,NEW,0,0,NEW,NEW,none,neutral,neutral
Jonathan Aranda,+650,+650,+650,2025-06-13T16:32:29.372265,2025-06-13T16:32:29.372265,2025-06-13T16:32:29.372265,1,+650,+650,NEW,NEW,0,0,NEW,NEW,none,neutral,neutral
Alex Verdugo,+650,+650,+650,2025-06-13T16:32:29.372265,2025-06-13T16:32:29.372265,2025-06-13T16:32:29.372265,1,+650,+650,NEW,NEW,0,0,NEW,NEW,none,neutral,neutral
Cam Smith,+650,+650,+650,2025-06-13T16:32:29.372265,2025-06-13T16:32:29.372265,2025-06-13T16:32:29.372265,1,+650,+650,NEW,NEW,0,0,NEW,NEW,none,neutral,neutral
Evan Carter,+650,+650,+650,2025-06-13T16:32:29.372265,2025-06-13T16:32:29.372265,2025-06-13T16:32:29.372265,1,+650,+650,NEW,NEW,0,0,NEW,NEW,none,neutral,neutral
J.P. Crawford,+650,+650,+650,2025-06-13T16:32:29.372265,2025-06-13T16:32:29.372265,2025-06-13T16:32:29.372265,1,+650,+650,NEW,NEW,0,0,NEW,NEW,none,neutral,neutral
Gabriel Arias,+650,+650,+650,2025-06-13T16:32:29.372265,2025-06-13T16:32:29.372265,2025-06-13T16:32:29.372265,1,+650,+650,NEW,NEW,0,0,NEW,NEW,none,neutral,neutral
Francisco Alvarez,+650,+650,+650,2025-06-13T16:32:29.372265,2025-06-13T16:32:29.372265,2025-06-13T16:32:29.372265,1,+650,+650,NEW,NEW,0,0,NEW,NEW,none,neutral,neutral
Tyler Stephenson,+650,+650,+650,2025-06-13T16:32:29.372265,2025-06-13T16:32:29.372265,2025-06-13T16:32:29.372265,1,+650,+650,NEW,NEW,0,0,NEW,NEW,none,neutral,neutral
Luis Garcia (WAS),+650,+650,+650,2025-06-13T16:32:29.372265,2025-06-13T16:32:29.372265,2025-06-13T16:32:29.372265,1,+650,+650,NEW,NEW,0,0,NEW,NEW,none,neutral,neutral
Rob Refsnyder,+650,+650,+650,2025-06-13T16:32:29.372265,2025-06-13T16:32:29.372265,2025-06-13T16:32:29.372265,1,+650,+650,NEW,NEW,0,0,NEW,NEW,none,neutral,neutral
Mike Yastrzemski,+650,+650,+650,2025-06-13T16:32:29.372265,2025-06-13T16:32:29.372265,2025-06-13T16:32:29.372265,1,+650,+650,NEW,NEW,0,0,NEW,NEW,none,neutral,neutral
Gavin Sheets,+650,+650,+650,2025-06-13T16:32:29.372265,2025-06-13T16:32:29.372265,2025-06-13T16:32:29.372265,1,+650,+650,NEW,NEW,0,0,NEW,NEW,none,neutral,neutral
Will Smith (LAD),+650,+650,+650,2025-06-13T16:32:29.372265,2025-06-13T16:32:29.372265,2025-06-13T16:32:29.372265,1,+650,+650,NEW,NEW,0,0,NEW,NEW,none,neutral,neutral
Otto Lopez,+650,+650,+650,2025-06-13T16:32:29.372265,2025-06-13T16:32:29.372265,2025-06-13T16:32:29.372265,1,+650,+650,NEW,NEW,0,0,NEW,NEW,none,neutral,neutral
Cody Bellinger,+650,+650,+650,2025-06-13T16:32:29.372265,2025-06-13T16:32:29.372265,2025-06-13T16:32:29.372265,1,+650,+650,NEW,NEW,0,0,NEW,NEW,none,neutral,neutral
Jorge Soler,+650,+650,+650,2025-06-13T16:32:29.372265,2025-06-13T16:32:29.372265,2025-06-13T16:32:29.372265,1,+650,+650,NEW,NEW,0,0,NEW,NEW,none,neutral,neutral
Jordan Westburg,+700,+700,+700,2025-06-13T16:32:29.372265,2025-06-13T16:32:29.372265,2025-06-13T16:32:29.372265,1,+700,+700,NEW,NEW,0,0,NEW,NEW,none,neutral,neutral
Josh Jung,+700,+700,+700,2025-06-13T16:32:29.372265,2025-06-13T16:32:29.372265,2025-06-13T16:32:29.372265,1,+700,+700,NEW,NEW,0,0,NEW,NEW,none,neutral,neutral
Ronny Mauricio,+700,+700,+700,2025-06-13T16:32:29.372265,2025-06-13T16:32:29.372265,2025-06-13T16:32:29.372265,1,+700,+700,NEW,NEW,0,0,NEW,NEW,none,neutral,neutral
Pedro Pages,+700,+700,+700,2025-06-13T16:32:29.372265,2025-06-13T16:32:29.372265,2025-06-13T16:32:29.372265,1,+700,+700,NEW,NEW,0,0,NEW,NEW,none,neutral,neutral
Nick Kurtz,+700,+700,+700,2025-06-13T16:32:29.372265,2025-06-13T16:32:29.372265,2025-06-13T16:32:29.372265,1,+700,+700,NEW,NEW,0,0,NEW,NEW,none,neutral,neutral
Jake Meyers,+700,+700,+700,2025-06-13T16:32:29.372265,2025-06-13T16:32:29.372265,2025-06-13T16:32:29.372265,1,+700,+700,NEW,NEW,0,0,NEW,NEW,none,neutral,neutral
Romy Gonzalez,+700,+700,+700,2025-06-13T16:32:29.372265,2025-06-13T16:32:29.372265,2025-06-13T16:32:29.372265,1,+700,+700,NEW,NEW,0,0,NEW,NEW,none,neutral,neutral
Jake Cronenworth,+700,+700,+700,2025-06-13T16:32:29.372265,2025-06-13T16:32:29.372265,2025-06-13T16:32:29.372265,1,+700,+700,NEW,NEW,0,0,NEW,NEW,none,neutral,neutral
Austin Wells,+700,+700,+700,2025-06-13T16:32:29.372265,2025-06-13T16:32:29.372265,2025-06-13T16:32:29.372265,1,+700,+700,NEW,NEW,0,0,NEW,NEW,none,neutral,neutral
Roman Anthony,+700,+700,+700,2025-06-13T16:32:29.372265,2025-06-13T16:32:29.372265,2025-06-13T16:32:29.372265,1,+700,+700,NEW,NEW,0,0,NEW,NEW,none,neutral,neutral
Willi Castro,+700,+700,+700,2025-06-13T16:32:29.372265,2025-06-13T16:32:29.372265,2025-06-13T16:32:29.372265,1,+700,+700,NEW,NEW,0,0,NEW,NEW,none,neutral,neutral
Brenton Doyle,+700,+700,+700,2025-06-13T16:32:29.372265,2025-06-13T16:32:29.372265,2025-06-13T16:32:29.372265,1,+700,+700,NEW,NEW,0,0,NEW,NEW,none,neutral,neutral
Jordan Beck,+700,+700,+700,2025-06-13T16:32:29.372265,2025-06-13T16:32:29.372265,2025-06-13T16:32:29.372265,1,+700,+700,NEW,NEW,0,0,NEW,NEW,none,neutral,neutral
Alec Bohm,+700,+700,+700,2025-06-13T16:32:29.372265,2025-06-13T16:32:29.372265,2025-06-13T16:32:29.372265,1,+700,+700,NEW,NEW,0,0,NEW,NEW,none,neutral,neutral
Nick Fortes,+700,+700,+700,2025-06-13T16:32:29.372265,2025-06-13T16:32:29.372265,2025-06-13T16:32:29.372265,1,+700,+700,NEW,NEW,0,0,NEW,NEW,none,neutral,neutral
Vinnie Pasquantino,+700,+700,+700,2025-06-13T16:32:29.372265,2025-06-13T16:32:29.372265,2025-06-13T16:32:29.372265,1,+700,+700,NEW,NEW,0,0,NEW,NEW,none,neutral,neutral
Casey Schmitt,+700,+700,+700,2025-06-13T16:32:29.372265,2025-06-13T16:32:29.372265,2025-06-13T16:32:29.372265,1,+700,+700,NEW,NEW,0,0,NEW,NEW,none,neutral,neutral
Kyle Teel,+700,+700,+700,2025-06-13T16:32:29.372265,2025-06-13T16:32:29.372265,2025-06-13T16:32:29.372265,1,+700,+700,NEW,NEW,0,0,NEW,NEW,none,neutral,neutral
Josh Naylor,+700,+700,+700,2025-06-13T16:32:29.372265,2025-06-13T16:32:29.372265,2025-06-13T16:32:29.372265,1,+700,+700,NEW,NEW,0,0,NEW,NEW,none,neutral,neutral
Matt McLain,+700,+700,+700,2025-06-13T16:32:29.372265,2025-06-13T16:32:29.372265,2025-06-13T16:32:29.372265,1,+700,+700,NEW,NEW,0,0,NEW,NEW,none,neutral,neutral
Nolan Arenado,+700,+700,+700,2025-06-13T16:32:29.372265,2025-06-13T16:32:29.372265,2025-06-13T16:32:29.372265,1,+700,+700,NEW,NEW,0,0,NEW,NEW,none,neutral,neutral
Nolan Jones,+750,+750,+750,2025-06-13T16:32:29.372265,2025-06-13T16:32:29.372265,2025-06-13T16:32:29.372265,1,+750,+750,NEW,NEW,0,0,NEW,NEW,none,neutral,neutral
Jonah Heim,+750,+750,+750,2025-06-13T16:32:29.372265,2025-06-13T16:32:29.372265,2025-06-13T16:32:29.372265,1,+750,+750,NEW,NEW,0,0,NEW,NEW,none,neutral,neutral
LaMonte Wade Jr.,+750,+750,+750,2025-06-13T16:32:29.372265,2025-06-13T16:32:29.372265,2025-06-13T16:32:29.372265,1,+750,+750,NEW,NEW,0,0,NEW,NEW,none,neutral,neutral
Addison Barger,+750,+750,+750,2025-06-13T16:32:29.372265,2025-06-13T16:32:29.372265,2025-06-13T16:32:29.372265,1,+750,+750,NEW,NEW,0,0,NEW,NEW,none,neutral,neutral
Javier Baez,+750,+750,+750,2025-06-13T16:32:29.372265,2025-06-13T16:32:29.372265,2025-06-13T16:32:29.372265,1,+750,+750,NEW,NEW,0,0,NEW,NEW,none,neutral,neutral
Wilmer Flores (SF),+750,+750,+750,2025-06-13T16:32:29.372265,2025-06-13T16:32:29.372265,2025-06-13T16:32:29.372265,1,+750,+750,NEW,NEW,0,0,NEW,NEW,none,neutral,neutral
Jasson Dominguez,+750,+750,+750,2025-06-13T16:32:29.372265,2025-06-13T16:32:29.372265,2025-06-13T16:32:29.372265,1,+750,+750,NEW,NEW,0,0,NEW,NEW,none,neutral,neutral
Tyler Fitzgerald,+750,+750,+750,2025-06-13T16:32:29.372265,2025-06-13T16:32:29.372265,2025-06-13T16:32:29.372265,1,+750,+750,NEW,NEW,0,0,NEW,NEW,none,neutral,neutral
Jeff McNeil,+750,+750,+750,2025-06-13T16:32:29.372265,2025-06-13T16:32:29.372265,2025-06-13T16:32:29.372265,1,+750,+750,NEW,NEW,0,0,NEW,NEW,none,neutral,neutral
Steven Kwan,+750,+750,+750,2025-06-13T16:32:29.372265,2025-06-13T16:32:29.372265,2025-06-13T16:32:29.372265,1,+750,+750,NEW,NEW,0,0,NEW,NEW,none,neutral,neutral
Keston Hiura,+750,+750,+750,2025-06-13T16:32:29.372265,2025-06-13T16:32:29.372265,2025-06-13T16:32:29.372265,1,+750,+750,NEW,NEW,0,0,NEW,NEW,none,neutral,neutral
Ben Williamson,+800,+800,+800,2025-06-13T16:32:29.372265,2025-06-13T16:32:29.372265,2025-06-13T16:32:29.372265,1,+800,+800,NEW,NEW,0,0,NEW,NEW,none,neutral,neutral
Alejandro Kirk,+800,+800,+800,2025-06-13T16:32:29.372265,2025-06-13T16:32:29.372265,2025-06-13T16:32:29.372265,1,+800,+800,NEW,NEW,0,0,NEW,NEW,none,neutral,neutral
Cole Young,+800,+800,+800,2025-06-13T16:32:29.372265,2025-06-13T16:32:29.372265,2025-06-13T16:32:29.372265,1,+800,+800,NEW,NEW,0,0,NEW,NEW,none,neutral,neutral
Jake Rogers,+800,+800,+800,2025-06-13T16:32:29.372265,2025-06-13T16:32:29.372265,2025-06-13T16:32:29.372265,1,+800,+800,NEW,NEW,0,0,NEW,NEW,none,neutral,neutral
Brooks Lee,+800,+800,+800,2025-06-13T16:32:29.372265,2025-06-13T16:32:29.372265,2025-06-13T16:32:29.372265,1,+800,+800,NEW,NEW,0,0,NEW,NEW,none,neutral,neutral
Jose Altuve,+800,+800,+800,2025-06-13T16:32:29.372265,2025-06-13T16:32:29.372265,2025-06-13T16:32:29.372265,1,+800,+800,NEW,NEW,0,0,NEW,NEW,none,neutral,neutral
Andrew Knizner,+800,+800,+800,2025-06-13T16:32:29.372265,2025-06-13T16:32:29.372265,2025-06-13T16:32:29.372265,1,+800,+800,NEW,NEW,0,0,NEW,NEW,none,neutral,neutral
Abraham Toro,+800,+800,+800,2025-06-13T16:32:29.372265,2025-06-13T16:32:29.372265,2025-06-13T16:32:29.372265,1,+800,+800,NEW,NEW,0,0,NEW,NEW,none,neutral,neutral
Spencer Steer,+800,+800,+800,2025-06-13T16:32:29.372265,2025-06-13T16:32:29.372265,2025-06-13T16:32:29.372265,1,+800,+800,NEW,NEW,0,0,NEW,NEW,none,neutral,neutral
Josh Lowe,+800,+800,+800,2025-06-13T16:32:29.372265,2025-06-13T16:32:29.372265,2025-06-13T16:32:29.372265,1,+800,+800,NEW,NEW,0,0,NEW,NEW,none,neutral,neutral
Otto Kemp,+850,+850,+850,2025-06-13T16:32:29.372265,2025-06-13T16:32:29.372265,2025-06-13T16:32:29.372265,1,+850,+850,NEW,NEW,0,0,NEW,NEW,none,neutral,neutral
Yandy Diaz,+850,+850,+850,2025-06-13T16:32:29.372265,2025-06-13T16:32:29.372265,2025-06-13T16:32:29.372265,1,+850,+850,NEW,NEW,0,0,NEW,NEW,none,neutral,neutral
Ceddanne Rafaela,+850,+850,+850,2025-06-13T16:32:29.372265,2025-06-13T16:32:29.372265,2025-06-13T16:32:29.372265,1,+850,+850,NEW,NEW,0,0,NEW,NEW,none,neutral,neutral
Kristian Campbell,+850,+850,+850,2025-06-13T16:32:29.372265,2025-06-13T16:32:29.372265,2025-06-13T16:32:29.372265,1,+850,+850,NEW,NEW,0,0,NEW,NEW,none,neutral,neutral
Lourdes Gurriel Jr.,+850,+850,+850,2025-06-13T16:32:29.372265,2025-06-13T16:32:29.372265,2025-06-13T16:32:29.372265,1,+850,+850,NEW,NEW,0,0,NEW,NEW,none,neutral,neutral
Davis Schneider,+850,+850,+850,2025-06-13T16:32:29.372265,2025-06-13T16:32:29.372265,2025-06-13T16:32:29.372265,1,+850,+850,NEW,NEW,0,0,NEW,NEW,none,neutral,neutral
Luis Urias,+850,+850,+850,2025-06-13T16:32:29.372265,2025-06-13T16:32:29.372265,2025-06-13T16:32:29.372265,1,+850,+850,NEW,NEW,0,0,NEW,NEW,none,neutral,neutral
Gleyber Torres,+850,+850,+850,2025-06-13T16:32:29.372265,2025-06-13T16:32:29.372265,2025-06-13T16:32:29.372265,1,+850,+850,NEW,NEW,0,0,NEW,NEW,none,neutral,neutral
Wenceel Perez,+850,+850,+850,2025-06-13T16:32:29.372265,2025-06-13T16:32:29.372265,2025-06-13T16:32:29.372265,1,+850,+850,NEW,NEW,0,0,NEW,NEW,none,neutral,neutral
Orlando Arcia,+850,+850,+850,2025-06-13T16:32:29.372265,2025-06-13T16:32:29.372265,2025-06-13T16:32:29.372265,1,+850,+850,NEW,NEW,0,0,NEW,NEW,none,neutral,neutral
Alex Call,+850,+850,+850,2025-06-13T16:32:29.372265,2025-06-13T16:32:29.372265,2025-06-13T16:32:29.372265,1,+850,+850,NEW,NEW,0,0,NEW,NEW,none,neutral,neutral
Keibert Ruiz,+850,+850,+850,2025-06-13T16:32:29.372265,2025-06-13T16:32:29.372265,2025-06-13T16:32:29.372265,1,+850,+850,NEW,NEW,0,0,NEW,NEW,none,neutral,neutral
Nolan Schanuel,+900,+900,+900,2025-06-13T16:32:29.372265,2025-06-13T16:32:29.372265,2025-06-13T16:32:29.372265,1,+900,+900,NEW,NEW,0,0,NEW,NEW,none,neutral,neutral
Max Muncy (ATH),+900,+900,+900,2025-06-13T16:32:29.372265,2025-06-13T16:32:29.372265,2025-06-13T16:32:29.372265,1,+900,+900,NEW,NEW,0,0,NEW,NEW,none,neutral,neutral
Brendan Rodgers,+900,+900,+900,2025-06-13T16:32:29.372265,2025-06-13T16:32:29.372265,2025-06-13T16:32:29.372265,1,+900,+900,NEW,NEW,0,0,NEW,NEW,none,neutral,neutral
Jonathan India,+900,+900,+900,2025-06-13T16:32:29.372265,2025-06-13T16:32:29.372265,2025-06-13T16:32:29.372265,1,+900,+900,NEW,NEW,0,0,NEW,NEW,none,neutral,neutral
Pavin Smith,+900,+900,+900,2025-06-13T16:32:29.372265,2025-06-13T16:32:29.372265,2025-06-13T16:32:29.372265,1,+900,+900,NEW,NEW,0,0,NEW,NEW,none,neutral,neutral
Colt Keith,+900,+900,+900,2025-06-13T16:32:29.372265,2025-06-13T16:32:29.372265,2025-06-13T16:32:29.372265,1,+900,+900,NEW,NEW,0,0,NEW,NEW,none,neutral,neutral
Jung Hoo Lee,+900,+900,+900,2025-06-13T16:32:29.372265,2025-06-13T16:32:29.372265,2025-06-13T16:32:29.372265,1,+900,+900,NEW,NEW,0,0,NEW,NEW,none,neutral,neutral
Bryson Stott,+900,+900,+900,2025-06-13T16:32:29.372265,2025-06-13T16:32:29.372265,2025-06-13T16:32:29.372265,1,+900,+900,NEW,NEW,0,0,NEW,NEW,none,neutral,neutral
Starling Marte,+950,+950,+950,2025-06-13T16:32:29.372265,2025-06-13T16:32:29.372265,2025-06-13T16:32:29.372265,1,+950,+950,NEW,NEW,0,0,NEW,NEW,none,neutral,neutral
Danny Jansen,+950,+950,+950,2025-06-13T16:32:29.372265,2025-06-13T16:32:29.372265,2025-06-13T16:32:29.372265,1,+950,+950,NEW,NEW,0,0,NEW,NEW,none,neutral,neutral
Anthony Volpe,+950,+950,+950,2025-06-13T16:32:29.372265,2025-06-13T16:32:29.372265,2025-06-13T16:32:29.372265,1,+950,+950,NEW,NEW,0,0,NEW,NEW,none,neutral,neutral
Ernie Clement,+950,+950,+950,2025-06-13T16:32:29.372265,2025-06-13T16:32:29.372265,2025-06-13T16:32:29.372265,1,+950,+950,NEW,NEW,0,0,NEW,NEW,none,neutral,neutral
Jose Tena,+950,+950,+950,2025-06-13T16:32:29.372265,2025-06-13T16:32:29.372265,2025-06-13T16:32:29.372265,1,+950,+950,NEW,NEW,0,0,NEW,NEW,none,neutral,neutral
Jac Caglianone,+950,+950,+950,2025-06-13T16:32:29.372265,2025-06-13T16:32:29.372265,2025-06-13T16:32:29.372265,1,+950,+950,NEW,NEW,0,0,NEW,NEW,none,neutral,neutral
Xavier Edwards,+950,+950,+950,2025-06-13T16:32:29.372265,2025-06-13T16:32:29.372265,2025-06-13T16:32:29.372265,1,+950,+950,NEW,NEW,0,0,NEW,NEW,none,neutral,neutral
Isaac Collins,+950,+950,+950,2025-06-13T16:32:29.372265,2025-06-13T16:32:29.372265,2025-06-13T16:32:29.372265,1,+950,+950,NEW,NEW,0,0,NEW,NEW,none,neutral,neutral
Josh Rojas,+950,+950,+950,2025-06-13T16:32:29.372265,2025-06-13T16:32:29.372265,2025-06-13T16:32:29.372265,1,+950,+950,NEW,NEW,0,0,NEW,NEW,none,neutral,neutral
Tyrone Taylor,+950,+950,+950,2025-06-13T16:32:29.372265,2025-06-13T16:32:29.372265,2025-06-13T16:32:29.372265,1,+950,+950,NEW,NEW,0,0,NEW,NEW,none,neutral,neutral
Caleb Durbin,+1000,+1000,+1000,2025-06-13T16:32:29.372265,2025-06-13T16:32:29.372265,2025-06-13T16:32:29.372265,1,+1000,+1000,NEW,NEW,0,0,NEW,NEW,none,neutral,neutral
Michael A. Taylor,+1000,+1000,+1000,2025-06-13T16:32:29.372265,2025-06-13T16:32:29.372265,2025-06-13T16:32:29.372265,1,+1000,+1000,NEW,NEW,0,0,NEW,NEW,none,neutral,neutral
Sal Frelick,+1000,+1000,+1000,2025-06-13T16:32:29.372265,2025-06-13T16:32:29.372265,2025-06-13T16:32:29.372265,1,+1000,+1000,NEW,NEW,0,0,NEW,NEW,none,neutral,neutral
DJ LeMahieu,+1000,+1000,+1000,2025-06-13T16:32:29.372265,2025-06-13T16:32:29.372265,2025-06-13T16:32:29.372265,1,+1000,+1000,NEW,NEW,0,0,NEW,NEW,none,neutral,neutral
Robert Hassell,+1000,+1000,+1000,2025-06-13T16:32:29.372265,2025-06-13T16:32:29.372265,2025-06-13T16:32:29.372265,1,+1000,+1000,NEW,NEW,0,0,NEW,NEW,none,neutral,neutral
Brice Turang,+1000,+1000,+1000,2025-06-13T16:32:29.372265,2025-06-13T16:32:29.372265,2025-06-13T16:32:29.372265,1,+1000,+1000,NEW,NEW,0,0,NEW,NEW,none,neutral,neutral
Thairo Estrada,+1000,+1000,+1000,2025-06-13T16:32:29.372265,2025-06-13T16:32:29.372265,2025-06-13T16:32:29.372265,1,+1000,+1000,NEW,NEW,0,0,NEW,NEW,none,neutral,neutral
Dominic Smith,+1000,+1000,+1000,2025-06-13T16:32:29.372265,2025-06-13T16:32:29.372265,2025-06-13T16:32:29.372265,1,+1000,+1000,NEW,NEW,0,0,NEW,NEW,none,neutral,neutral
Oswald Peraza,+1000,+1000,+1000,2025-06-13T16:32:29.372265,2025-06-13T16:32:29.372265,2025-06-13T16:32:29.372265,1,+1000,+1000,NEW,NEW,0,0,NEW,NEW,none,neutral,neutral
Xander Bogaerts,+1000,+1000,+1000,2025-06-13T16:32:29.372265,2025-06-13T16:32:29.372265,2025-06-13T16:32:29.372265,1,+1000,+1000,NEW,NEW,0,0,NEW,NEW,none,neutral,neutral
Connor Joe,+1100,+1100,+1100,2025-06-13T16:32:29.372265,2025-06-13T16:32:29.372265,2025-06-13T16:32:29.372265,1,+1100,+1100,NEW,NEW,0,0,NEW,NEW,none,neutral,neutral
Elias Diaz,+1100,+1100,+1100,2025-06-13T16:32:29.372265,2025-06-13T16:32:29.372265,2025-06-13T16:32:29.372265,1,+1100,+1100,NEW,NEW,0,0,NEW,NEW,none,neutral,neutral
Geraldo Perdomo,+1100,+1100,+1100,2025-06-13T16:32:29.372265,2025-06-13T16:32:29.372265,2025-06-13T16:32:29.372265,1,+1100,+1100,NEW,NEW,0,0,NEW,NEW,none,neutral,neutral
Kameron Misner,+1100,+1100,+1100,2025-06-13T16:32:29.372265,2025-06-13T16:32:29.372265,2025-06-13T16:32:29.372265,1,+1100,+1100,NEW,NEW,0,0,NEW,NEW,none,neutral,neutral
Zach McKinstry,+1100,+1100,+1100,2025-06-13T16:32:29.372265,2025-06-13T16:32:29.372265,2025-06-13T16:32:29.372265,1,+1100,+1100,NEW,NEW,0,0,NEW,NEW,none,neutral,neutral
Nick Allen,+1100,+1100,+1100,2025-06-13T16:32:29.372265,2025-06-13T16:32:29.372265,2025-06-13T16:32:29.372265,1,+1100,+1100,NEW,NEW,0,0,NEW,NEW,none,neutral,neutral
Luis Rengifo,+1100,+1100,+1100,2025-06-13T16:32:29.372265,2025-06-13T16:32:29.372265,2025-06-13T16:32:29.372265,1,+1100,+1100,NEW,NEW,0,0,NEW,NEW,none,neutral,neutral
Ramon Urias,+1100,+1100,+1100,2025-06-13T16:32:29.372265,2025-06-13T16:32:29.372265,2025-06-13T16:32:29.372265,1,+1100,+1100,NEW,NEW,0,0,NEW,NEW,none,neutral,neutral
Chase Meidroth,+1100,+1100,+1100,2025-06-13T16:32:29.372265,2025-06-13T16:32:29.372265,2025-06-13T16:32:29.372265,1,+1100,+1100,NEW,NEW,0,0,NEW,NEW,none,neutral,neutral
Mauricio Dubon,+1200,+1200,+1200,2025-06-13T16:32:29.372265,2025-06-13T16:32:29.372265,2025-06-13T16:32:29.372265,1,+1200,+1200,NEW,NEW,0,0,NEW,NEW,none,neutral,neutral
John Rave,+1200,+1200,+1200,2025-06-13T16:32:29.372265,2025-06-13T16:32:29.372265,2025-06-13T16:32:29.372265,1,+1200,+1200,NEW,NEW,0,0,NEW,NEW,none,neutral,neutral
Gabriel Moreno,+1200,+1200,+1200,2025-06-13T16:32:29.372265,2025-06-13T16:32:29.372265,2025-06-13T16:32:29.372265,1,+1200,+1200,NEW,NEW,0,0,NEW,NEW,none,neutral,neutral
Christian Moore,+1200,+1200,+1200,2025-06-13T16:32:29.372265,2025-06-13T16:32:29.372265,2025-06-13T16:32:29.372265,1,+1200,+1200,NEW,NEW,0,0,NEW,NEW,none,neutral,neutral
Alek Thomas,+1200,+1200,+1200,2025-06-13T16:32:29.372265,2025-06-13T16:32:29.372265,2025-06-13T16:32:29.372265,1,+1200,+1200,NEW,NEW,0,0,NEW,NEW,none,neutral,neutral
Maikel Garcia,+1200,+1200,+1200,2025-06-13T16:32:29.372265,2025-06-13T16:32:29.372265,2025-06-13T16:32:29.372265,1,+1200,+1200,NEW,NEW,0,0,NEW,NEW,none,neutral,neutral
Gavin Lux,+1200,+1200,+1200,2025-06-13T16:32:29.372265,2025-06-13T16:32:29.372265,2025-06-13T16:32:29.372265,1,+1200,+1200,NEW,NEW,0,0,NEW,NEW,none,neutral,neutral
Tyler Freeman,+1200,+1200,+1200,2025-06-13T16:32:29.372265,2025-06-13T16:32:29.372265,2025-06-13T16:32:29.372265,1,+1200,+1200,NEW,NEW,0,0,NEW,NEW,none,neutral,neutral
TJ Friedl,+1200,+1200,+1200,2025-06-13T16:32:29.372265,2025-06-13T16:32:29.372265,2025-06-13T16:32:29.372265,1,+1200,+1200,NEW,NEW,0,0,NEW,NEW,none,neutral,neutral
Austin Wynns,+1200,+1200,+1200,2025-06-13T16:32:29.372265,2025-06-13T16:32:29.372265,2025-06-13T16:32:29.372265,1,+1200,+1200,NEW,NEW,0,0,NEW,NEW,none,neutral,neutral
Denzel Clarke,+1200,+1200,+1200,2025-06-13T16:32:29.372265,2025-06-13T16:32:29.372265,2025-06-13T16:32:29.372265,1,+1200,+1200,NEW,NEW,0,0,NEW,NEW,none,neutral,neutral
Joey Ortiz,+1200,+1200,+1200,2025-06-13T16:32:29.372265,2025-06-13T16:32:29.372265,2025-06-13T16:32:29.372265,1,+1200,+1200,NEW,NEW,0,0,NEW,NEW,none,neutral,neutral
Andres Gimenez,+1300,+1300,+1300,2025-06-13T16:32:29.372265,2025-06-13T16:32:29.372265,2025-06-13T16:32:29.372265,1,+1300,+1300,NEW,NEW,0,0,NEW,NEW,none,neutral,neutral
Luis Arraez,+1300,+1300,+1300,2025-06-13T16:32:29.372265,2025-06-13T16:32:29.372265,2025-06-13T16:32:29.372265,1,+1300,+1300,NEW,NEW,0,0,NEW,NEW,none,neutral,neutral
Jose Caballero,+1300,+1300,+1300,2025-06-13T16:32:29.372265,2025-06-13T16:32:29.372265,2025-06-13T16:32:29.372265,1,+1300,+1300,NEW,NEW,0,0,NEW,NEW,none,neutral,neutral
Hyeseong Kim,+1300,+1300,+1300,2025-06-13T16:32:29.372265,2025-06-13T16:32:29.372265,2025-06-13T16:32:29.372265,1,+1300,+1300,NEW,NEW,0,0,NEW,NEW,none,neutral,neutral
Jacob Wilson,+1300,+1300,+1300,2025-06-13T16:32:29.372265,2025-06-13T16:32:29.372265,2025-06-13T16:32:29.372265,1,+1300,+1300,NEW,NEW,0,0,NEW,NEW,none,neutral,neutral
Nick Loftin,+1400,+1400,+1400,2025-06-13T16:32:29.372265,2025-06-13T16:32:29.372265,2025-06-13T16:32:29.372265,1,+1400,+1400,NEW,NEW,0,0,NEW,NEW,none,neutral,neutral
Santiago Espinal,+1500,+1500,+1500,2025-06-13T16:32:29.372265,2025-06-13T16:32:29.372265,2025-06-13T16:32:29.372265,1,+1500,+1500,NEW,NEW,0,0,NEW,NEW,none,neutral,neutral
Vinny Capra,+1600,+1600,+1600,2025-06-13T16:32:29.372265,2025-06-13T16:32:29.372265,2025-06-13T16:32:29.372265,1,+1600,+1600,NEW,NEW,0,0,NEW,NEW,none,neutral,neutral
Jake Mangum,+1900,+1900,+1900,2025-06-13T16:32:29.372265,2025-06-13T16:32:29.372265,2025-06-13T16:32:29.372265,1,+1900,+1900,NEW,NEW,0,0,NEW,NEW,none,neutral,neutral
Kyle Isbel,+1900,+1900,+1900,2025-06-13T16:32:29.372265,2025-06-13T16:32:29.372265,2025-06-13T16:32:29.372265,1,+1900,+1900,NEW,NEW,0,0,NEW,NEW,none,neutral,neutral
Mike Siani,+2800,+2800,+2800,2025-06-13T16:32:29.372265,2025-06-13T16:32:29.372265,2025-06-13T16:32:29.372265,1,+2800,+2800,NEW,NEW,0,0,NEW,NEW,none,neutral,neutral
Myles Straw,+3000,+3000,+3000,2025-06-13T16:32:29.372265,2025-06-13T16:32:29.372265,2025-06-13T16:32:29.372265,1,+3000,+3000,NEW,NEW,0,0,NEW,NEW,none,neutral,neutral
Tyler Wade,+4500,+4500,+4500,2025-06-13T16:32:29.372265,2025-06-13T16:32:29.372265,2025-06-13T16:32:29.372265,1,+4500,+4500,NEW,NEW,0,0,NEW,NEW,none,neutral,neutral
